{
    "auc_list": [
        0.5781645990026161,
        0.5857382275997384,
        0.6047483036298235,
        0.5818536931818181,
        0.5999708755722695,
        0.6159829238881622,
        0.6052068856278614,
        0.611312796353826,
        0.6430098818672335,
        0.6117126185415304,
        0.6410069387671681,
        0.6559178793328972,
        0.6160908631049705,
        0.6144353693181819,
        0.6386884810333551,
        0.6435770417756703,
        0.6446960329463701,
        0.6382311764224984,
        0.6497072228580772,
        0.6525455771746239,
        0.6489625061314586,
        0.645169943590582,
        0.6573970936886854,
        0.6528380988391105,
        0.6348333265206016,
        0.6430354296108567,
        0.6574941751144538,
        0.6544501614617397,
        0.6619854684434271,
        0.6488475412851538,
        0.6366727640614781,
        0.6722390553466318,
        0.6694952276814912,
        0.6374902918574231,
        0.6639258195716154,
        0.6824057799215173,
        0.6828873548888161,
        0.651121290467626,
        0.6777088272563767,
        0.6222702235938523,
        0.6625781760954873,
        0.6652491926913016,
        0.6688961330935251,
        0.6606288832570308,
        0.6851215050686723,
        0.6653117846631785,
        0.6542074578973185,
        0.6499524811968607,
        0.6909042368378024,
        0.6990284193100065,
        0.6973716481360366,
        0.651837904676259,
        0.6854012528613472,
        0.6986873569326357,
        0.6845058044473512,
        0.6954504578155657,
        0.6888872424787443,
        0.6961645172498365,
        0.6639960758665795,
        0.6939648565238717,
        0.7027187908763898,
        0.7140952011118379,
        0.6881208101700458,
        0.6759728580771746,
        0.7022640410398954,
        0.6982045045781555,
        0.6737680878024852,
        0.7218004005886199,
        0.6601843525179857,
        0.7071372731360366,
        0.7110486326847614,
        0.7018156781393067,
        0.685812571533682,
        0.6835056102844996,
        0.7064564257684761,
        0.7147045147972532,
        0.6895208265206016,
        0.7180947003760628,
        0.7012830076847613,
        0.7107228989535643
    ],
    "evaluated_auc": 0.7107228989535643,
    "best_model": "80epoch.pth"
}