{
    "auc_list": [
        0.5570206476863964,
        0.5616467053629823,
        0.5563762058534991,
        0.573852139879006,
        0.569542235529758,
        0.5830621014551994,
        0.5830225024525834,
        0.5870085891514062,
        0.5790919820961413,
        0.5746019661543493,
        0.6041811437213864,
        0.6000743439339438,
        0.5930155023708306,
        0.6194229275670373,
        0.6043139919882276,
        0.5865021051340745,
        0.6311174072105952,
        0.6320186038669064,
        0.6083977988064094,
        0.6509980226046437,
        0.65105997588293,
        0.5620618561968607,
        0.6360353478580772,
        0.6433943754087639,
        0.6349815034336168,
        0.6694300809352518,
        0.6438727569081099,
        0.6599339846304776,
        0.6693048969914978,
        0.6467143046926095,
        0.6666849758829301,
        0.6670541407782864,
        0.5936708019947678,
        0.6231733363309353,
        0.6571735509319817,
        0.6362218463865271,
        0.6365130906638325,
        0.6650920740680183,
        0.6020594036134728,
        0.6502207325049052,
        0.64196370176586,
        0.643239811559843,
        0.6565361347285807,
        0.6525302485284499,
        0.6191597858077175,
        0.6142137426422498,
        0.6029267495094833,
        0.6051608996893394,
        0.6820366150261609,
        0.6432857974983649,
        0.6473964294473511,
        0.6195315054774363,
        0.6536032537606278,
        0.65154282823741,
        0.6572310333551341,
        0.6367877289077828,
        0.6316270846958797,
        0.6699985182308699,
        0.6667322392086331,
        0.6602405575539569,
        0.6793068386200131,
        0.6883277468933944,
        0.6757499540140615,
        0.6621643026487901,
        0.6917830792184433,
        0.6702041775670372,
        0.671384483322433,
        0.6631274525833878,
        0.6940159520111184,
        0.6457600964682799,
        0.6708096590909091,
        0.7088783518639633,
        0.662529635382603,
        0.6650524750654021,
        0.7107854909254414,
        0.6825028613472859,
        0.7044585922171354,
        0.6584100617233486,
        0.7102515430837149,
        0.7104009973839109
    ],
    "evaluated_auc": 0.6825028613472859,
    "best_model": "76epoch.pth"
}