{
    "auc_list": [
        0.5323958163015042,
        0.5009784785807717,
        0.5414218341236102,
        0.5258147175441465,
        0.5621487185251799,
        0.5898360856769129,
        0.49460559393394377,
        0.5018713722204055,
        0.5735762242478744,
        0.5651952869522564,
        0.6169665120176586,
        0.5677871055428384,
        0.5855236265533028,
        0.6269940013897972,
        0.6770056256131459,
        0.6327971713538261,
        0.5329348736919555,
        0.5971759524198822,
        0.6532379210268149,
        0.6414144252779594,
        0.6538165774198823,
        0.5548088517822106,
        0.6227300829790713,
        0.6114213742642249,
        0.6560187929202093,
        0.6476084757194245,
        0.6659939094179201,
        0.6707636731523872,
        0.6107047600555919,
        0.6792384984058207,
        0.6694594608404186,
        0.6223915753760627,
        0.5717201806736429,
        0.647613585268149,
        0.6845964989372139,
        0.6566191648953564,
        0.6240138570961413,
        0.6843218606932635,
        0.6276237532701112,
        0.6731549419555265,
        0.6245401406147809,
        0.7033089437540877,
        0.689822928588947,
        0.6423533048561151,
        0.6865483465500327,
        0.6582625235039241,
        0.6595763162197514,
        0.6856324599411381,
        0.695604382970896,
        0.6959563031393068,
        0.7029027346304775,
        0.6322440627043819,
        0.6805931675114454,
        0.7164941342380642,
        0.702370064175932,
        0.6968862410071942,
        0.66711290058862,
        0.7186452542511446,
        0.6960763775343362,
        0.6816546762589928,
        0.7180774556491171,
        0.7186222612818836,
        0.704711514879006,
        0.7092462393721386,
        0.7092768966644866,
        0.6648768343279922,
        0.6767839989372139,
        0.702801182349575,
        0.6717357647972532,
        0.6842286114290386,
        0.6891471907701112,
        0.6997105440647482,
        0.677859558943754,
        0.6797475371975146,
        0.6875728110693263,
        0.6651214539731851,
        0.6992685681000653,
        0.6696715071124919,
        0.6784644017740352,
        0.6918482259646829
    ],
    "evaluated_auc": 0.7092768966644866,
    "best_model": "65epoch.pth"
}