{
    "auc_list": [
        0.5433430244440811,
        0.5524188603662524,
        0.5449461453564421,
        0.5734810589028776,
        0.5721934526242642,
        0.5726232934107259,
        0.5931228028940483,
        0.5992031658763899,
        0.5861022829463702,
        0.5999478826030085,
        0.590987011527142,
        0.6136172028286462,
        0.649621637916939,
        0.6095602211412688,
        0.609289415058862,
        0.6332774689339438,
        0.6142035235448006,
        0.6455474115026161,
        0.6533503310987574,
        0.649433862001308,
        0.6326860386690647,
        0.6211180203564421,
        0.6397052812295618,
        0.6537501532864617,
        0.6346161706998038,
        0.646351526733159,
        0.6401574762916938,
        0.6667948311805101,
        0.6583487471386528,
        0.6356393578319163,
        0.6273669984466972,
        0.6513358915140615,
        0.6678614494767822,
        0.6584534928875082,
        0.6261023851373447,
        0.6334288393149117,
        0.6544935926258993,
        0.6275151753597122,
        0.6071638427894049,
        0.5432893741824723,
        0.6553123978090255,
        0.6401459798070633,
        0.66235080117724,
        0.6414042061805101,
        0.6593272257194245,
        0.6714113084532374,
        0.6209992233485938,
        0.6835247710922171,
        0.681220364617397,
        0.6888642495094832,
        0.629069755559189,
        0.6729045740680183,
        0.6763458551340745,
        0.6661842401079137,
        0.7155412034009156,
        0.6854702317691301,
        0.6663317783273381,
        0.6874731748691956,
        0.7112274668901243,
        0.7110294718770438,
        0.707054242969261,
        0.6905037759565076,
        0.7134245728417266,
        0.6402430612328319,
        0.6999992335676912,
        0.7176195123446698,
        0.7010403041203401,
        0.6483365864126881,
        0.7134941904431,
        0.7243194081098756,
        0.7134858874264225,
        0.7201704545454546,
        0.7172682308698496,
        0.7126057676586004,
        0.6980550502779594,
        0.6850282558044474,
        0.7076495053956834,
        0.7240307186069328,
        0.6735585963047744,
        0.7055903572596469
    ],
    "evaluated_auc": 0.7172682308698496,
    "best_model": "73epoch.pth"
}