{
    "auc_list": [
        0.46506984753106606,
        0.5516166612164813,
        0.5429470344179201,
        0.532752207325049,
        0.5051491477272727,
        0.5495306879496403,
        0.5521263387017659,
        0.5733130824885546,
        0.586755027795945,
        0.5921788137671681,
        0.58234931940811,
        0.5779717135382603,
        0.5654431000654022,
        0.5481147042593199,
        0.6551540017985612,
        0.5357208551340746,
        0.604846662442773,
        0.5683491559025506,
        0.6104952685578808,
        0.6411844955853498,
        0.6445376369359058,
        0.6350019416285154,
        0.6334563031393067,
        0.6233598348593853,
        0.6324037361020274,
        0.6770522502452583,
        0.6082943304447351,
        0.6263616947351209,
        0.6310292674950948,
        0.6069594608404185,
        0.6358284111347285,
        0.6337999202910399,
        0.6838453952746893,
        0.6524433862001308,
        0.6800809352517986,
        0.6512094301831262,
        0.6915186600719424,
        0.665191710268149,
        0.672107484466972,
        0.6587996648136036,
        0.70093044882276,
        0.6642860427567038,
        0.6643435251798562,
        0.6886726414323087,
        0.6464818202256376,
        0.7126619726945717,
        0.7029819326357096,
        0.6565182513080444,
        0.6820391698005234,
        0.6883188051831262,
        0.7138601618705036,
        0.6953712598103335,
        0.7032552934924787,
        0.6955002759156311,
        0.7020992580935251,
        0.7029001798561151,
        0.7167828237410071,
        0.6590947412524525,
        0.6914369072923479,
        0.6916566178875082,
        0.6882970896010465,
        0.6673824292838457,
        0.6969616068508829,
        0.7062354377861347,
        0.6784011711085677,
        0.6802648790058862,
        0.664693529267495,
        0.6480453421353826,
        0.6417759258502288,
        0.7011309986102028,
        0.6888105992478745,
        0.6985941076684107,
        0.641792531883584,
        0.694183289731851,
        0.6841149239699149,
        0.704596550032701,
        0.7065943835840418,
        0.6959856830444735,
        0.6972720119359059,
        0.6924677587475474
    ],
    "evaluated_auc": 0.7032552934924787,
    "best_model": "53epoch.pth"
}