{
    "auc_list": [
        0.5601649362328319,
        0.5602236960431655,
        0.5589974043492478,
        0.5680438603662524,
        0.5613235264061478,
        0.5776957979071289,
        0.5938566618296272,
        0.5875725555918901,
        0.5976779655820799,
        0.6014673346550032,
        0.5931176933453237,
        0.5939946196451928,
        0.5922605665467626,
        0.6126898197351209,
        0.5864944408109877,
        0.6150683146664486,
        0.6269492928384566,
        0.6199798683780249,
        0.6135175666285153,
        0.6120805060497057,
        0.6085830199476782,
        0.6193277622220406,
        0.6483557472204055,
        0.6452529737573577,
        0.6104403409090908,
        0.6384278940483976,
        0.6352606125327012,
        0.657331946942446,
        0.6418001962066711,
        0.6569947167266187,
        0.6715658723021584,
        0.664209399525834,
        0.6525238615925442,
        0.6490314850392412,
        0.6511979336984959,
        0.657096907701112,
        0.6574354153041204,
        0.6869992642249837,
        0.6526362716644867,
        0.6580357872792675,
        0.6752607147236757,
        0.6640637773871811,
        0.6885717278449968,
        0.6536722326684108,
        0.6369614535644211,
        0.6886151590091564,
        0.6840804345160235,
        0.6574111449476782,
        0.7010569101536951,
        0.6917818018312623,
        0.6587690075212558,
        0.6922103652305429,
        0.697756141677567,
        0.6601319796435579,
        0.6900445552648791,
        0.6856043574231525,
        0.7009534417920209,
        0.700230440647482,
        0.7163025261608895,
        0.6884925298397646,
        0.6795891411870505,
        0.6830572473839112,
        0.6685122782455853,
        0.7144298765533028,
        0.6728828584859385,
        0.6952166959614128,
        0.6695986960431655,
        0.6742841522236755,
        0.6915608138489208,
        0.6837687520438195,
        0.7250654022236757,
        0.7358337761608895,
        0.6821515798724658,
        0.6836691158436886,
        0.733565136527142,
        0.6752038709941138,
        0.7167802689666449,
        0.70063409499673,
        0.6939827399444081,
        0.7211757582570308
    ],
    "evaluated_auc": 0.7250654022236757,
    "best_model": "71epoch.pth"
}