{
    "auc_list": [
        0.5638329535235448,
        0.5683919483731197,
        0.5588683882439504,
        0.5624476271255723,
        0.568771971059516,
        0.5698526406147809,
        0.5805941894211903,
        0.5938113145846959,
        0.5896853539895357,
        0.6041594281393068,
        0.5879679069244604,
        0.5837627483240679,
        0.6004779982831917,
        0.6088883154839766,
        0.6102500102190974,
        0.6259356861102027,
        0.6334563031393066,
        0.6357172784499673,
        0.6280721161706999,
        0.6264255640941792,
        0.6051723961739699,
        0.633932768557881,
        0.6496293022400262,
        0.6690864637835185,
        0.6645159724493133,
        0.6319924174296925,
        0.6547529022236757,
        0.6243574742478744,
        0.6529115486020275,
        0.623436478090255,
        0.6638926075049051,
        0.668606166203401,
        0.6648704473920863,
        0.6468497077338129,
        0.6524382766514061,
        0.6571403388652715,
        0.6383755211739699,
        0.6623546333387835,
        0.6367800645846959,
        0.6690928507194245,
        0.6620595568999346,
        0.6423724656638325,
        0.6450045219506213,
        0.6357070593525179,
        0.6347464641922825,
        0.6541665815075213,
        0.6475382194244604,
        0.6641340336821452,
        0.6386437724820144,
        0.6577407108404185,
        0.6712197003760627,
        0.623708561559843,
        0.6463144825049052,
        0.6446615434924787,
        0.6781393067364291,
        0.666723297498365,
        0.6742726557390452,
        0.6470029941955526,
        0.6787728907782865,
        0.6503063174460432,
        0.6841430264879005,
        0.642912800441465,
        0.6633241702092871,
        0.6510472020111183,
        0.6147975085840418,
        0.6898555019620667,
        0.6653718218606932,
        0.6843256928548072,
        0.6748104357423153,
        0.6731843218606932,
        0.6746073311805102,
        0.6957557533518639,
        0.6949573863636364,
        0.6721343095977764,
        0.6885576765860039,
        0.6994192997874428,
        0.6888693590582079,
        0.6847178507194245,
        0.71125556940811,
        0.7172107484466973
    ],
    "evaluated_auc": 0.6994192997874428,
    "best_model": "76epoch.pth"
}