{
    "auc_list": [
        0.588847387998692,
        0.5892663709941137,
        0.5613081977599739,
        0.554562316056246,
        0.5894643660071943,
        0.6188187234303466,
        0.6146352804120341,
        0.6286622690483976,
        0.6434748508011772,
        0.6339225494604317,
        0.6450307083878352,
        0.660876057676586,
        0.6213990455362982,
        0.639247976618705,
        0.6500648912688032,
        0.6475075621321125,
        0.6485575743950295,
        0.6471524484957488,
        0.683858169146501,
        0.6469116610120995,
        0.6709923254578155,
        0.6666760341726619,
        0.6702207836003924,
        0.6723616845160235,
        0.6312285398953565,
        0.6822652673315892,
        0.6780856564748202,
        0.6477170536298233,
        0.6689446738064093,
        0.6977574190647481,
        0.6867284581425769,
        0.6716176064829955,
        0.7008704116252453,
        0.6609124632112492,
        0.6939699660725965,
        0.7222832529430999,
        0.6908671926095489,
        0.681501389797253,
        0.7204137968034664,
        0.6732405268966646,
        0.7039271991497711,
        0.7018910439829955,
        0.6815358792511444,
        0.7088502493459778,
        0.670621883175278,
        0.7025872199967298,
        0.7030151447024199,
        0.7069878188358404,
        0.7069405555101372,
        0.7197936253270111,
        0.721979234793983,
        0.7088655779921518,
        0.7060578809679529,
        0.7136864372138653,
        0.7007643884892086,
        0.7059710186396337,
        0.7009304488227599,
        0.6778020765206018,
        0.7090112001308044,
        0.7086599186559843,
        0.7181815627043819,
        0.7185290120176586,
        0.697288617969261,
        0.675648401733159,
        0.6731230072759974,
        0.6875191608077175,
        0.7040242805755396,
        0.7158669371321126,
        0.7011705976128189,
        0.6663004823413996,
        0.6844048908600393,
        0.6635298295454545,
        0.6903881724166121,
        0.6844904758011772,
        0.7058892658600392,
        0.7011616559025508,
        0.7124959123610203,
        0.7087161236919555,
        0.693648064502943,
        0.712368173642904
    ],
    "evaluated_auc": 0.7136864372138653,
    "best_model": "54epoch.pth"
}