{
    "auc_list": [
        0.5625593985039241,
        0.5554309393394375,
        0.5656193794964028,
        0.5657394538914323,
        0.5668380068672334,
        0.5919514388489209,
        0.5898820716154348,
        0.596147655739045,
        0.5926603887344669,
        0.6040904492315239,
        0.5681083684189012,
        0.5804843341236101,
        0.5907296180101373,
        0.5941102231850883,
        0.5973937469342707,
        0.6158705138162197,
        0.6199977517985612,
        0.6152254332897318,
        0.6273861592544147,
        0.6283160971223022,
        0.6273855205608241,
        0.6333311191955526,
        0.65068697882603,
        0.6568561202174624,
        0.6289675645846958,
        0.6341908007684762,
        0.6213466726618705,
        0.6632628556245912,
        0.6341001062786135,
        0.646507367969261,
        0.6437507664323088,
        0.6730782987246566,
        0.6534799858976456,
        0.6437890880477437,
        0.6416073107423153,
        0.654561294146501,
        0.6292294289568345,
        0.6565476312132112,
        0.6340145213374755,
        0.624322984793983,
        0.6676851700457815,
        0.6596861715173317,
        0.6517191076684108,
        0.6348946411052976,
        0.5936605828973185,
        0.6617363779431,
        0.6412764674623938,
        0.6351935497056901,
        0.666645376880314,
        0.6594179202092871,
        0.6659600586576194,
        0.6783206957161543,
        0.6669928261935905,
        0.6385569101536952,
        0.6661484732668411,
        0.6414501921190321,
        0.6553762671680837,
        0.6598458449149771,
        0.6805063051831263,
        0.6550122118214521,
        0.6570573086984958,
        0.6767443999345978,
        0.6046933759810333,
        0.6803261935905821,
        0.6188493807226946,
        0.6736365169228253,
        0.6385530779921518,
        0.6615486020274689,
        0.6321865802812295,
        0.6207961187867888,
        0.683344659499673,
        0.7044094128106605,
        0.6709706098757358,
        0.6671735764797253,
        0.6641927934924787,
        0.6396043676422498,
        0.659758982586658,
        0.6529287933289732,
        0.6732558555428384,
        0.688574282619359
    ],
    "evaluated_auc": 0.683344659499673,
    "best_model": "71epoch.pth"
}