{
    "auc_list": [
        0.5673847285807717,
        0.5575341573332243,
        0.5713829504578156,
        0.5736637252697843,
        0.5780956200948332,
        0.5830735979398299,
        0.6155205097285807,
        0.5972155514224984,
        0.5928072882603008,
        0.6026112348757358,
        0.599057543737737,
        0.62970717176259,
        0.6016876839437542,
        0.5693365761935907,
        0.6314782690892741,
        0.6409187990516677,
        0.6464256151896665,
        0.6191201868051014,
        0.6397653184270765,
        0.6408102211412687,
        0.6349419044310006,
        0.6692129251144538,
        0.6680134585513406,
        0.6711749918247221,
        0.6468905841236102,
        0.6695833673969915,
        0.6457683994849575,
        0.68439467176259,
        0.6666939175931981,
        0.6800081241824723,
        0.6775568181818181,
        0.6544987021746239,
        0.6518072473839109,
        0.6788342053629822,
        0.6807298479398299,
        0.6925150220732504,
        0.6697372925523217,
        0.6930106482995422,
        0.6990130906638325,
        0.664754843852191,
        0.693748978090255,
        0.7109822085513408,
        0.6917511445389143,
        0.6882383297907129,
        0.6794792858894703,
        0.7058126226291693,
        0.6967968239045128,
        0.672799828319163,
        0.7282703666612165,
        0.7204949108894703,
        0.7006468688685416,
        0.7241942241661218,
        0.7187167879332896,
        0.6976999366415958,
        0.6928049889633748,
        0.7078615516677568,
        0.7301736735611511,
        0.718111306409418,
        0.7312709491497711,
        0.684037003351864,
        0.6969654390124265,
        0.7132329647645521,
        0.6856643946206671,
        0.7151643741824721,
        0.6870989004251145,
        0.7079918451602355,
        0.700455260791367,
        0.6909463906147809,
        0.6971979234793982,
        0.7016968811314584,
        0.6914011404512753,
        0.6986439257684762,
        0.6899781311314584,
        0.6823840643394375,
        0.6795725351536952,
        0.6886943570143885,
        0.7113833081262263,
        0.6634519089274036,
        0.7025437888325703,
        0.6875459859385219
    ],
    "evaluated_auc": 0.7187167879332896,
    "best_model": "53epoch.pth"
}