{
    "auc_list": [
        0.5690632153368215,
        0.5783396010464356,
        0.5596846386527142,
        0.5789195348266841,
        0.5790447187704382,
        0.5836599186559843,
        0.5835896623610203,
        0.5976089866742968,
        0.6046972081425769,
        0.6070616518149117,
        0.610565524852845,
        0.6018167000490516,
        0.634438613881622,
        0.6281877197105952,
        0.6235080117724002,
        0.6454292531883583,
        0.6448288812132114,
        0.6495826776079137,
        0.6308619297743623,
        0.6265213681327665,
        0.6311659479234794,
        0.6639373160562458,
        0.639963313440157,
        0.6522466685742315,
        0.6745575130804448,
        0.6344654390124265,
        0.6453756029267496,
        0.6277061447432962,
        0.6381187663505559,
        0.6593987594015696,
        0.6426918124591237,
        0.6777739740026161,
        0.6860233404185743,
        0.6221386527141923,
        0.6903524055755396,
        0.630119767822106,
        0.653511281883584,
        0.6695450457815566,
        0.6126348920863309,
        0.6707023585676913,
        0.6807809434270765,
        0.6573191730706345,
        0.6844955853499018,
        0.6768095466808371,
        0.6860386690647482,
        0.6782606585186397,
        0.657472459532374,
        0.6841545229725311,
        0.6589491191137998,
        0.6529224063930673,
        0.6964519293655984,
        0.6548614801340746,
        0.6803606830444736,
        0.6967418962557227,
        0.7012357443590582,
        0.7140006744604317,
        0.6756075253433617,
        0.6067052607913669,
        0.6926414834041859,
        0.6350389858567692,
        0.6796811130640943,
        0.6238503515369522,
        0.7118572187704382,
        0.6808409806245913,
        0.6653347776324395,
        0.7008231482995422,
        0.6921963139715501,
        0.6602431123283191,
        0.6733950907455853,
        0.7020417756703727,
        0.7113488186723348,
        0.703303834205363,
        0.6757723082897319,
        0.6731945409581426,
        0.6647797529022237,
        0.6799008236592543,
        0.6900803221059516,
        0.6887001052567038,
        0.6843908396010465,
        0.6823112532701112
    ],
    "evaluated_auc": 0.6967418962557227,
    "best_model": "54epoch.pth"
}