{
    "auc_list": [
        0.5694777274771092,
        0.5693135832243297,
        0.5687151273299542,
        0.5633501011690647,
        0.5671803466317855,
        0.5703878658436887,
        0.5764529001798562,
        0.5917611081589275,
        0.5902269661543493,
        0.5936350351536952,
        0.5824489556082406,
        0.5977731309270766,
        0.5722528511281884,
        0.5856219853662525,
        0.6062632848266841,
        0.6231822780412033,
        0.6337092258011773,
        0.6306843729561804,
        0.6280682840091563,
        0.630064840173316,
        0.6368886424950948,
        0.6457664834041857,
        0.6631753546026814,
        0.6704238881621974,
        0.6235335595160235,
        0.6431044085186396,
        0.6672534131785481,
        0.6805701745421844,
        0.6573945389143231,
        0.6406352190974492,
        0.6725833111919556,
        0.6757256836576194,
        0.6515747629169392,
        0.6681360877207325,
        0.6892449108894703,
        0.6610050737818837,
        0.6731626062786135,
        0.6377725944244604,
        0.6605011445389143,
        0.6409469015696533,
        0.6755602620176586,
        0.672637600147155,
        0.6885678956834531,
        0.6859083755722694,
        0.6776449578973185,
        0.699989014470242,
        0.6667565095650753,
        0.6716374059843034,
        0.7074770581262264,
        0.7023445164323087,
        0.6529671149444081,
        0.6972541285153695,
        0.6908761343198169,
        0.6765323536625245,
        0.6940427771419229,
        0.7078538873446698,
        0.6964423489617397,
        0.7128893476128189,
        0.6901659070470896,
        0.7057794105624592,
        0.6894262998691956,
        0.6885947208142577,
        0.6808320389143231,
        0.7151094465336822,
        0.7081029778449968,
        0.718399995912361,
        0.7026855788096796,
        0.7120769293655985,
        0.7050053139306736,
        0.6861881233649445,
        0.7053093320797907,
        0.7247358363309353,
        0.6726235488881622,
        0.6702769886363636,
        0.6894467380640941,
        0.6627914997547417,
        0.7180780943427078,
        0.6793975331098756,
        0.7126396184189012,
        0.7113526508338784
    ],
    "evaluated_auc": 0.7120769293655985,
    "best_model": "68epoch.pth"
}