{
    "auc_list": [
        0.5455937806572924,
        0.526341001062786,
        0.5458147686396339,
        0.5568373426258993,
        0.5595313521909745,
        0.5664943897155004,
        0.6292939370094833,
        0.5882853376389797,
        0.5728615261200131,
        0.5922471539813604,
        0.5795275711249182,
        0.5905782476291694,
        0.5915835513407456,
        0.6205035971223022,
        0.5880630722694571,
        0.6300852783682146,
        0.6358718422988883,
        0.6256840408355134,
        0.6324024587148462,
        0.6295781556572922,
        0.6404729909254416,
        0.6478728948659254,
        0.683850504823414,
        0.6591688297089602,
        0.6520103519457163,
        0.6458852804120341,
        0.6360129935824069,
        0.6823827869522564,
        0.6658955506049705,
        0.6767431225474166,
        0.682901406147809,
        0.6957410633992805,
        0.6886113268476128,
        0.6779106544310005,
        0.683772584205363,
        0.7003058064911707,
        0.6608268782701112,
        0.6770196768721387,
        0.6952741783845652,
        0.6605420209287116,
        0.6912695695716156,
        0.7087186784663179,
        0.6726669800523218,
        0.686014398708306,
        0.6818986572105952,
        0.6796619522563767,
        0.6511749407292349,
        0.6779374795618051,
        0.7089153960922171,
        0.6991191137998691,
        0.6926248773708307,
        0.6883954484139962,
        0.7031364964846305,
        0.6767367356115107,
        0.6488219935415305,
        0.6807809434270764,
        0.7018220650752126,
        0.6965783906965337,
        0.7003166642822105,
        0.6752409152223675,
        0.6845990537115763,
        0.6738268476128189,
        0.6467245237900588,
        0.6914650098103334,
        0.6793208898790059,
        0.7029525527305428,
        0.6771314482504905,
        0.6650128760627861,
        0.6801588558698496,
        0.6762628249672988,
        0.6841787933289731,
        0.6839859078646173,
        0.6803146971059515,
        0.6722709900261609,
        0.6532928486756049,
        0.6889089580608241,
        0.6767942180346631,
        0.6626650384238065,
        0.6941756254087639,
        0.7036678895519948
    ],
    "evaluated_auc": 0.6991191137998691,
    "best_model": "50epoch.pth"
}