{
    "auc_list": [
        0.5536515389960759,
        0.5733360754578155,
        0.5705564809516024,
        0.5782284683616743,
        0.5663334389306736,
        0.5771043676422498,
        0.57946370176586,
        0.5752815361347285,
        0.5926565565729235,
        0.584941137998692,
        0.588335155739045,
        0.5831476863963375,
        0.6023787504087639,
        0.5932952501635056,
        0.6438823373119686,
        0.6261764735938522,
        0.5972347122302158,
        0.6366242233485938,
        0.6299498753270112,
        0.6142162974166121,
        0.5966879905166776,
        0.6603159233976456,
        0.646695143884892,
        0.6334601353008503,
        0.62157660235448,
        0.627662074885546,
        0.6523233118051014,
        0.6466006172334859,
        0.6258124182472203,
        0.6717919698332243,
        0.6398751737246566,
        0.6516411870503597,
        0.6382605563276651,
        0.6695361040712884,
        0.650251389797253,
        0.6486195276733159,
        0.6538561764224985,
        0.6072570920536299,
        0.6432717462393721,
        0.6046461126553303,
        0.6466670413669064,
        0.6759102661052976,
        0.6691912095323741,
        0.6632679651733159,
        0.6797232668410726,
        0.6923451295781557,
        0.6810249243786788,
        0.6856030800359711,
        0.6723476332570307,
        0.6623482464028777,
        0.6491272890778287,
        0.6865572882603009,
        0.6626637610366253,
        0.6833944775997384,
        0.7016112961903205,
        0.6852913975637672,
        0.6499563133584042,
        0.6612062622629169,
        0.6575810374427731,
        0.6703127554774362,
        0.644314094179202,
        0.6882536584368868,
        0.7130158089437542,
        0.6463617458306083,
        0.6913117233485938,
        0.7271366855379333,
        0.6955232688848921,
        0.6586617069980379,
        0.7358427178711576,
        0.6969871545945063,
        0.7345985427567038,
        0.7153329892903859,
        0.6915416530412034,
        0.7091018946206671,
        0.7286254802975802,
        0.7093931388979725,
        0.7092628454054939,
        0.6979477497547416,
        0.7142280493786789,
        0.6780588313440157
    ],
    "evaluated_auc": 0.7153329892903859,
    "best_model": "72epoch.pth"
}