{
    "auc_list": [
        0.5531137589928057,
        0.5638080444735121,
        0.5659578870994113,
        0.5809920955281229,
        0.5804472898953564,
        0.5793576786298233,
        0.5796917153776978,
        0.5790402479153041,
        0.5742391881948986,
        0.5581255875981033,
        0.5855823863636365,
        0.5726437316056245,
        0.5862517372465663,
        0.5872276610529757,
        0.6034140727190975,
        0.6159899495176586,
        0.5793742846631785,
        0.6129146398790059,
        0.6264127902223675,
        0.6128239453891432,
        0.631800809352518,
        0.6353008502289077,
        0.6353985703482669,
        0.6315006233649444,
        0.6340732811478089,
        0.6368950294310005,
        0.6393246198495748,
        0.6452267873201438,
        0.6351073260709614,
        0.6534052587475475,
        0.6526324395029431,
        0.6231797232668411,
        0.6426752064257684,
        0.6482561110202747,
        0.6390550911543493,
        0.6320320164323087,
        0.6574494665631132,
        0.6280044146500982,
        0.6389771705362983,
        0.6389158559516024,
        0.6367455751308044,
        0.6386974227436233,
        0.6571914343525179,
        0.6301121034990189,
        0.658452215500327,
        0.650390625,
        0.6728292082243297,
        0.6231260730052322,
        0.6696510689175932,
        0.6535662095323741,
        0.652577511854153,
        0.6700981544310006,
        0.6398707028695225,
        0.6777241559025506,
        0.638019130150425,
        0.6472086535317201,
        0.6528815300032701,
        0.6699742478744277,
        0.6735637058534989,
        0.6739801340745585,
        0.6541653041203401,
        0.665144446942446,
        0.6842975903368214,
        0.6328789241334205,
        0.6586476557390452,
        0.688658590173316,
        0.7004335452092871,
        0.6678818876716809,
        0.6944681470732504,
        0.6795188848920863,
        0.6798280125899281,
        0.6771761568018313,
        0.6912580730869851,
        0.6759639163669064,
        0.682854142822106,
        0.6736863350228908,
        0.6789172355297581,
        0.6642592176258992,
        0.6582133440974494,
        0.6750671905657292
    ],
    "evaluated_auc": 0.688658590173316,
    "best_model": "66epoch.pth"
}