{
    "auc_list": [
        0.5625498181000654,
        0.5671573536625245,
        0.5771554631294964,
        0.5641056756867233,
        0.5643758430755396,
        0.571784050032701,
        0.5802518496566383,
        0.5834261568018313,
        0.5865787483649444,
        0.5831361899117069,
        0.58417087352845,
        0.5883025823659254,
        0.5895301514470243,
        0.580941638734467,
        0.5830237798397646,
        0.5992983312213865,
        0.6178006458469587,
        0.6032167163996076,
        0.6115139848348594,
        0.6125863513734467,
        0.6034875224820143,
        0.6225895703891432,
        0.6177750981033355,
        0.6289024178384565,
        0.6017796558207978,
        0.6400757235120994,
        0.631209379087639,
        0.6543965112001308,
        0.6374162034009156,
        0.6381839130967952,
        0.6406428834205363,
        0.6638785562459124,
        0.642686702910399,
        0.6335188951111836,
        0.6158756233649443,
        0.6485371362001308,
        0.6458763387017659,
        0.6415926207897318,
        0.6452912953727927,
        0.6158143087802486,
        0.6623150343361675,
        0.6694594608404186,
        0.6567928895519948,
        0.6387012549051667,
        0.6727282946370177,
        0.652311815320471,
        0.6630201520601701,
        0.6579399832406803,
        0.6872917858894703,
        0.687547263325703,
        0.6350696431491171,
        0.684099595323741,
        0.6641161502616089,
        0.6825577889960759,
        0.6398751737246566,
        0.6848225964682799,
        0.6754133624918248,
        0.6777905800359711,
        0.7035171578646174,
        0.6715505436559843,
        0.6517970282864618,
        0.6860757132930019,
        0.6644865925441465,
        0.6794614024689339,
        0.6670426442936559,
        0.6565782885055592,
        0.6425755702256377,
        0.6901058698495748,
        0.6122120769293655,
        0.6830278674787443,
        0.6648033845650752,
        0.7008129292020928,
        0.6521368132766514,
        0.6562052914486592,
        0.6743901753597122,
        0.6601358118051015,
        0.6701773524362328,
        0.6660379792756703,
        0.6801524689339438,
        0.6726414323086984
    ],
    "evaluated_auc": 0.6848225964682799,
    "best_model": "56epoch.pth"
}