{
    "auc_list": [
        0.5630863207161543,
        0.5643068641677567,
        0.5753760627861347,
        0.5587572555591891,
        0.5656270438194899,
        0.5692139470241988,
        0.5573112532701112,
        0.5374427730542839,
        0.5622074783355134,
        0.5561552178711576,
        0.5595837250654022,
        0.5680208673969915,
        0.5473961739699149,
        0.5687834675441465,
        0.5493991170699803,
        0.539832764470242,
        0.591087925114454,
        0.5897300625408765,
        0.5907660235448006,
        0.5954195450457815,
        0.5999849268312621,
        0.6054310670781556,
        0.6032256581098757,
        0.6105080424296926,
        0.6152688644538914,
        0.6260845017168083,
        0.6289650098103335,
        0.6183920761118378,
        0.6239186917511444,
        0.6159778143394374,
        0.6125058759810335,
        0.6357530452910398,
        0.6214641922825376,
        0.6247739024689339,
        0.6235514429365598,
        0.629490015941792,
        0.6221769743296273,
        0.6374391963701765,
        0.6361068815402223,
        0.634189523381295,
        0.6480031883584042,
        0.6345778490843688,
        0.6354285889470243,
        0.6384828216971877,
        0.6383946819816875,
        0.6451878270111184,
        0.6404059280984304,
        0.626300380150425,
        0.6668823322024198,
        0.6704436876635055,
        0.6676264102354479,
        0.6364185640124265,
        0.6563611326847612,
        0.6314814625572269,
        0.6488066648953564,
        0.6494632419064749,
        0.6641927934924787,
        0.6414297539241334,
        0.6424835983485938,
        0.6401843014224984,
        0.6671014041039895,
        0.6475024525833878,
        0.6654982831916285,
        0.6634646827992152,
        0.6410267382684761,
        0.6292358158927404,
        0.6534397482014389,
        0.6481922416612165,
        0.6624862042184434,
        0.671638044677894,
        0.6697622016023546,
        0.6896919964028778,
        0.6563802934924786,
        0.6838236796926096,
        0.6517331589274036,
        0.683359988145847,
        0.6939367540058863,
        0.6646948066546762,
        0.6672380845323742,
        0.6875089417102681
    ],
    "evaluated_auc": 0.683359988145847,
    "best_model": "76epoch.pth"
}