{
    "auc_list": [
        0.527739740026161,
        0.5277474043492478,
        0.5272019600228908,
        0.47123196329300193,
        0.4987392188521909,
        0.5185706548397645,
        0.573627319735121,
        0.5643688174460432,
        0.5458696962884239,
        0.5196302475065403,
        0.5566700049051668,
        0.5827223164650098,
        0.5690491640778287,
        0.5308961637508175,
        0.627723389470242,
        0.6439781413505559,
        0.6540299010791367,
        0.6414016514061478,
        0.5555995544473511,
        0.6383653020765205,
        0.628695481115108,
        0.6618743357586658,
        0.6652811273708307,
        0.6645159724493133,
        0.6235884871648136,
        0.6091425155330281,
        0.6499384299378679,
        0.6436460206834532,
        0.6208127248201438,
        0.6822933698495749,
        0.7059684638652713,
        0.6357045045781556,
        0.6845862798397645,
        0.6697072739535643,
        0.6926734180837149,
        0.7082690381785481,
        0.6591535010627861,
        0.6922902019293655,
        0.6587728396827992,
        0.6876967176258993,
        0.6745357974983649,
        0.663525997383911,
        0.6980818754087639,
        0.694962495912361,
        0.6859147625081754,
        0.6612714090091564,
        0.7003569019784173,
        0.672987604234794,
        0.7110052015206016,
        0.7147517781229561,
        0.6759013243950295,
        0.7116375081752779,
        0.6944489862655331,
        0.6788048254578155,
        0.6782964253597121,
        0.7093101087311969,
        0.6871844853662524,
        0.7077785215009811,
        0.6983922804937869,
        0.6558271848430347,
        0.6988872680264878,
        0.6674820654839765,
        0.6617938603662524,
        0.7272893333060825,
        0.6796108567691301,
        0.7115902448495749,
        0.676418666203401,
        0.6860565524852844,
        0.6795738125408763,
        0.6859428650261609,
        0.6909093463865271,
        0.709506826357096,
        0.6876545638489209,
        0.6808205424296926,
        0.6728496464192282,
        0.672154747792675,
        0.6800988186723348,
        0.6790411420863309,
        0.673960973266841,
        0.6896421783028123
    ],
    "evaluated_auc": 0.6944489862655331,
    "best_model": "53epoch.pth"
}