{
    "auc_list": [
        0.5172383400098104,
        0.4855923499836494,
        0.5217883931491172,
        0.561471703319163,
        0.5045219506213212,
        0.5022213763080445,
        0.5075895959368868,
        0.505229623119686,
        0.48281914241334206,
        0.5059257991334206,
        0.49617805755395683,
        0.47646925073577495,
        0.5331533068999346,
        0.5107900895192936,
        0.5492867069980379,
        0.5157144171026815,
        0.5445744256867233,
        0.5027163638407456,
        0.547202011118378,
        0.5123306184597776,
        0.5278393762262917,
        0.5455656781393068,
        0.5010212710513408,
        0.5647814135055592,
        0.5869498293410726,
        0.5484525731687377,
        0.5483427178711576,
        0.591703625735775,
        0.5684181348103337,
        0.6031898912688031,
        0.5770468852190975,
        0.6203592523708306,
        0.6182668921680837,
        0.5789233669882277,
        0.5700876798561151,
        0.5903853621648136,
        0.6368771460104643,
        0.568911206262263,
        0.611965541203401,
        0.6179309393394375,
        0.6191495667102681,
        0.6196528572596468,
        0.6187995626226291,
        0.6214118194081099,
        0.6426886189911707,
        0.5895231258175277,
        0.5959343320797907,
        0.6306038975637671,
        0.6172334859385219,
        0.6108759299378679,
        0.6030583203891433,
        0.6040700110366253,
        0.6230111081589274,
        0.6172168799051668,
        0.6212317078155657,
        0.6102627840909091,
        0.567440933616743,
        0.5802710104643558,
        0.6491758297907129,
        0.6390691424133421,
        0.5907366436396337,
        0.6280197432962721,
        0.6418793942119032,
        0.6437941975964683,
        0.5967569694244605,
        0.6288487675768476,
        0.6209366313767168,
        0.6318736204218443,
        0.6422332304610856,
        0.6441442016841071,
        0.6408127759156312,
        0.6164172355297579,
        0.5984610039241334,
        0.6777688644538914,
        0.656523360856769,
        0.6538127452583387,
        0.6497749243786788,
        0.6511902693754088,
        0.6630840214192282,
        0.6654816771582733
    ],
    "evaluated_auc": 0.656523360856769,
    "best_model": "75epoch.pth"
}