{
    "auc_list": [
        0.5576280452910398,
        0.5572358874264225,
        0.557796021705363,
        0.5574888100882931,
        0.5550604970569,
        0.5540743541530412,
        0.5555688971550032,
        0.5592733199803793,
        0.5552048418083715,
        0.5565601496075867,
        0.5678880191301504,
        0.5723109722449313,
        0.5733194694244604,
        0.5961214693018313,
        0.6052567037279267,
        0.5837046272073252,
        0.6070118337148462,
        0.6093641422089602,
        0.616339314911707,
        0.6085983485938522,
        0.6299319919064748,
        0.6167442466481361,
        0.6126962066710268,
        0.612705148381295,
        0.6067129251144538,
        0.632213405412034,
        0.6104173479398299,
        0.6166522747710923,
        0.6274117069980379,
        0.6088653225147155,
        0.636928241497711,
        0.6598586187867888,
        0.6464192282537606,
        0.6481079341072595,
        0.6395558269293655,
        0.6426381621975147,
        0.6407418809270765,
        0.6651712720732504,
        0.6640854929692609,
        0.6510548663342054,
        0.6339084982014387,
        0.6517689257684761,
        0.6274564155493787,
        0.6491809393394375,
        0.6424733792511444,
        0.6521393680510137,
        0.6414821267985612,
        0.637939932145193,
        0.6468650363799868,
        0.6629965203973185,
        0.657117984589601,
        0.6663924542184434,
        0.6263393404594506,
        0.6559906904022236,
        0.6659964641922826,
        0.657307676586004,
        0.6632168696860694,
        0.6736939993459778,
        0.6339570389143231,
        0.6413020152060169,
        0.6893713722204056,
        0.635014715500327,
        0.6830265900915631,
        0.6325608547253107,
        0.6757774178384565,
        0.6494709062295619,
        0.6519899137508175,
        0.6408600392413342,
        0.660373405820798,
        0.6118352477109221,
        0.6428067773054285,
        0.696331854970569,
        0.6619771654267496,
        0.6653973696043166,
        0.6670145417756704,
        0.6680134585513409,
        0.683842840500327,
        0.6521546966971877,
        0.6828170985938522,
        0.6526911993132766
    ],
    "evaluated_auc": 0.6680134585513409,
    "best_model": "76epoch.pth"
}