{
    "auc_list": [
        0.5933578421353827,
        0.6045043226782211,
        0.6270872506540223,
        0.5698417828237411,
        0.6147847347122302,
        0.5953748364944409,
        0.6131618142985611,
        0.6179143333060824,
        0.6465967850719425,
        0.626609507848267,
        0.6410133257030739,
        0.6432781331752779,
        0.6235310047416611,
        0.6365922886690647,
        0.6578020254251145,
        0.6515172804937868,
        0.66986694735121,
        0.6379999693427076,
        0.6578863329790712,
        0.6388737021746239,
        0.6550083796599084,
        0.6750467523708306,
        0.6710383113963375,
        0.6680696635873119,
        0.6282279574068018,
        0.6649668901242642,
        0.6643396930183125,
        0.6584151712720733,
        0.6687185762753434,
        0.6772936764224985,
        0.6545357464028777,
        0.6620736081589274,
        0.6894569571615434,
        0.6354234793982995,
        0.685212199558535,
        0.6765361858240679,
        0.7097367560497057,
        0.672256938767168,
        0.6890571349738391,
        0.6772068140941793,
        0.6641774648463048,
        0.6544999795618052,
        0.6801294759646828,
        0.7009023463047743,
        0.701359650915631,
        0.6996070757030739,
        0.6918954892903859,
        0.6993477661052976,
        0.6933874775179856,
        0.7194755559189012,
        0.6981866211576193,
        0.6876034683616742,
        0.6938051831262263,
        0.7020379435088293,
        0.7110614065565729,
        0.7087110141432309,
        0.7204335963047743,
        0.7066710268149117,
        0.7056976577828645,
        0.7002010607423154,
        0.7199494665631131,
        0.7280864229071289,
        0.7161505170863309,
        0.6753341644865926,
        0.6856637559270765,
        0.6972796762589928,
        0.6821522185660562,
        0.7022295515860039,
        0.6857499795618052,
        0.6706921394702421,
        0.6569998262753434,
        0.691935088293002,
        0.7079049828319163,
        0.6714100310660562,
        0.7126594179202094,
        0.6723846774852845,
        0.6539966890124265,
        0.7286957365925442,
        0.6826446513243951,
        0.6980141738881621
    ],
    "evaluated_auc": 0.7161505170863309,
    "best_model": "63epoch.pth"
}