{
    "auc_list": [
        0.5509281495258339,
        0.5525772563767168,
        0.5613050042920209,
        0.577276814911707,
        0.5595517903858731,
        0.5986858240680183,
        0.5993232402714193,
        0.594100004087639,
        0.5933552873610203,
        0.6062217697432962,
        0.6092791959614127,
        0.5999057288260301,
        0.6100686212393722,
        0.6111122465663832,
        0.5964235713701767,
        0.6389618418901243,
        0.6220894733077175,
        0.6283384513979725,
        0.6145988748773707,
        0.6396669596141269,
        0.6161534550768476,
        0.6441569755559189,
        0.641893445470896,
        0.6684215837557227,
        0.676897047702747,
        0.6169409642740353,
        0.6568478172007849,
        0.6709884932962721,
        0.6421291234058208,
        0.6542342830281229,
        0.6666428221059516,
        0.6682842646337476,
        0.6872930632766514,
        0.6457843668247221,
        0.6597015001635056,
        0.6573664363963374,
        0.6781533579954219,
        0.6784190545291039,
        0.6685614576520602,
        0.6528776978417266,
        0.6906589784990189,
        0.5776587536788751,
        0.6847446758502289,
        0.6431899934597776,
        0.6439602579300197,
        0.682096013530085,
        0.6734072259238064,
        0.6867859405657293,
        0.6670349799705689,
        0.6856643946206672,
        0.693032363881622,
        0.6753341644865926,
        0.6890175359712231,
        0.6936071881131458,
        0.7179184209450622,
        0.692877800032701,
        0.7030802914486594,
        0.6893023933126227,
        0.7098440565729235,
        0.6730463640451274,
        0.7083763387017659,
        0.7037598614290386,
        0.7122710922171354,
        0.7047140696533682,
        0.6768606421680836,
        0.7077427546599084,
        0.7267196186232832,
        0.6752651855788098,
        0.7024249918247221,
        0.7230369113799868,
        0.7041022011935907,
        0.7112594015696534,
        0.6915748651079136,
        0.72022027264552,
        0.6574111449476783,
        0.7062609855297579,
        0.7118648830935252,
        0.7029589396664486,
        0.7201283007684762,
        0.7111188889797253
    ],
    "evaluated_auc": 0.7111188889797253,
    "best_model": "80epoch.pth"
}