{
    "auc_list": [
        0.5818358097612819,
        0.5742864515206016,
        0.5593308024035317,
        0.5577941056245913,
        0.5920178629823414,
        0.5900494093361675,
        0.6279418226782211,
        0.6209736756049705,
        0.6403337557226947,
        0.61127319735121,
        0.6378249672988883,
        0.6446928394784173,
        0.6214807983158928,
        0.6139442139470241,
        0.6685933923315893,
        0.6601830751308044,
        0.6428093320797907,
        0.6536620135709613,
        0.6469736142903859,
        0.6844393803139307,
        0.6460513407455853,
        0.6585403552158273,
        0.6707100228907783,
        0.6887748324068019,
        0.6621706895846958,
        0.6822844281393068,
        0.6715875878842381,
        0.6611653858731197,
        0.6710114862655331,
        0.6734819530739046,
        0.6758617253924133,
        0.6947530044146502,
        0.6837125470078483,
        0.6507585125081753,
        0.6915007766514061,
        0.6827187397809025,
        0.7157519722858077,
        0.6967406188685416,
        0.694487307880968,
        0.676661369767822,
        0.6742496627697842,
        0.6524433862001308,
        0.671922263325703,
        0.6598088006867233,
        0.6905682840091563,
        0.7049848757357751,
        0.6886266554937868,
        0.6838901038260301,
        0.7096703319162851,
        0.7237215909090908,
        0.7026485345814257,
        0.6767827215500327,
        0.7147032374100719,
        0.7092130273054285,
        0.7089613820307391,
        0.7102617621811642,
        0.7214376226291693,
        0.6979222020111183,
        0.7095157680673643,
        0.717007643884892,
        0.7026459798070634,
        0.7253438726291694,
        0.7208231993950294,
        0.7148897359385219,
        0.6976743888979726,
        0.6826701990680184,
        0.6797373181000653,
        0.72399495176586,
        0.7238569939502942,
        0.6797552015206018,
        0.6819638039568345,
        0.6854919473512099,
        0.7007477824558536,
        0.6678755007357751,
        0.6961402468933944,
        0.6719375919718771,
        0.6398023626553302,
        0.686963497383911,
        0.6818360652387182,
        0.6913807022563767
    ],
    "evaluated_auc": 0.717007643884892,
    "best_model": "60epoch.pth"
}