{
    "auc_list": [
        0.5938764613309352,
        0.5826916591726619,
        0.5807551402060169,
        0.5829631039486592,
        0.5730160899689339,
        0.5854572024198823,
        0.6040610693263571,
        0.6048077021337476,
        0.5984993255395684,
        0.5946876021909745,
        0.6262032987246566,
        0.6192817762835187,
        0.6385632970896011,
        0.6550786359548725,
        0.6483027356523872,
        0.6313990710840418,
        0.6475650445552649,
        0.6712248099247874,
        0.6534295291039895,
        0.653173412974166,
        0.6495053956834532,
        0.6765476823086986,
        0.6548819183289732,
        0.6431963803956835,
        0.6728496464192283,
        0.6899576929365598,
        0.6786579259319817,
        0.6882344976291694,
        0.6555934229888816,
        0.6916936621157619,
        0.6626254394211903,
        0.6521598062459123,
        0.6239844771909745,
        0.6386195021255723,
        0.6845479582243297,
        0.6909693835840419,
        0.6439909152223676,
        0.714236991088947,
        0.6517114433453238,
        0.6768338170372792,
        0.6967227354480052,
        0.7066480338456508,
        0.712789711412688,
        0.6510318733649443,
        0.6970893455689993,
        0.6644635995748857,
        0.6874399628024852,
        0.7017403122956181,
        0.7086177648790059,
        0.7040530217871158,
        0.7151835349901897,
        0.6613186723348594,
        0.7208219220078482,
        0.7160304426913016,
        0.7156778838293002,
        0.7114803895519948,
        0.6943915038423807,
        0.7282754762099412,
        0.7299769559352518,
        0.7002368275833878,
        0.7314523381294965,
        0.7260694285480707,
        0.6890124264224984,
        0.725636394293656,
        0.7174943284009156,
        0.678691137998692,
        0.7033536523054285,
        0.7034928875081753,
        0.6786566485448005,
        0.7070772359385219,
        0.696393169555265,
        0.7250820082570307,
        0.6856873875899281,
        0.7045160746402878,
        0.7014414036952257,
        0.707761915467626,
        0.7060527714192282,
        0.7040562152550687,
        0.6910153695225638,
        0.7076277898136036
    ],
    "evaluated_auc": 0.7260694285480707,
    "best_model": "62epoch.pth"
}