{
    "auc_list": [
        0.5712973655166775,
        0.5607065483976454,
        0.5783210789323087,
        0.5560913485120994,
        0.5892587066710268,
        0.6027459992233486,
        0.5958461923642904,
        0.6056067078155657,
        0.6189937254741661,
        0.6340375143067364,
        0.6289222173397646,
        0.6157363881621976,
        0.6144743296272073,
        0.6109679018149117,
        0.6349898064502943,
        0.6398751737246566,
        0.6287951173152387,
        0.6390154921517331,
        0.6254521950621321,
        0.6465239740026161,
        0.657837792266187,
        0.6460832754251145,
        0.6583487471386527,
        0.6575861469914976,
        0.6331407885055592,
        0.6522492233485938,
        0.659735989617397,
        0.6459287115761937,
        0.6541601945716156,
        0.6492422539241334,
        0.6197435517495095,
        0.6499237399852845,
        0.6658329586330936,
        0.6336121443754088,
        0.6396337475474165,
        0.6502769375408763,
        0.662934567119032,
        0.6188544902714193,
        0.6400808330608242,
        0.6448020560824068,
        0.5931406863145847,
        0.6340349595323741,
        0.6042245748855462,
        0.6376039793165468,
        0.6391368439339437,
        0.6647535664650098,
        0.6224886568018313,
        0.6364709368868541,
        0.6463604684434271,
        0.643947484058208,
        0.6333707181981687,
        0.6199811457652061,
        0.6157133951929366,
        0.6224375613145847,
        0.6579859691792022,
        0.6854472387998691,
        0.6735496545945063,
        0.6323194285480707,
        0.6584432737900588,
        0.6161566485448005,
        0.6465354704872466,
        0.696697187704382,
        0.6527320757030739,
        0.641520448413996,
        0.6584943692773054,
        0.6641199824231524,
        0.6776245197024199,
        0.6843308024035317,
        0.6221782517168084,
        0.6704928670699805,
        0.704634871648136,
        0.6532711330935252,
        0.689173377207325,
        0.6815639817691301,
        0.6937183207979071,
        0.6779745237900588,
        0.66491834941138,
        0.6999519702419883,
        0.6886062172988883,
        0.719145990026161
    ],
    "evaluated_auc": 0.6886062172988883,
    "best_model": "79epoch.pth"
}