{
    "auc_list": [
        0.4628912636935906,
        0.5125247813113145,
        0.5220873017495095,
        0.5231002697841727,
        0.515554743705036,
        0.4973257899362329,
        0.5394214457979072,
        0.5241847715009811,
        0.4998198884074559,
        0.5086466338293001,
        0.5331367008665795,
        0.5285598225964683,
        0.5118311600719424,
        0.5113380886200132,
        0.5321505579627207,
        0.6013542858894703,
        0.5992485131213211,
        0.5998763489208634,
        0.593843249264225,
        0.6001196911788751,
        0.5874064952583388,
        0.5999606564748201,
        0.6076237021746239,
        0.6122995779512753,
        0.5928392229398299,
        0.594248181000654,
        0.6191731983731197,
        0.6022803915958143,
        0.6059017842544148,
        0.6257753740189667,
        0.6146288934761281,
        0.6176448046108568,
        0.6060116395519948,
        0.6091616763407456,
        0.601149903940484,
        0.641422728294637,
        0.6119195552648791,
        0.6041466542674951,
        0.6240029993051014,
        0.6586067793492479,
        0.6205163709941137,
        0.6143133788423807,
        0.6674833428711575,
        0.6267321370176586,
        0.6036050421026815,
        0.6220945828564421,
        0.6425040365434925,
        0.6151028041203401,
        0.6501709144048398,
        0.6513767679038587,
        0.637614198413996,
        0.6421661676340746,
        0.6161809189012427,
        0.6663170883747548,
        0.6315440545291039,
        0.6502731053793329,
        0.629163004823414,
        0.6373587209777632,
        0.6389056368541531,
        0.6180344077011118,
        0.6519784172661871,
        0.6471639449803793,
        0.6317612103499018,
        0.6356419126062786,
        0.6221118275833878,
        0.6880582181981687,
        0.6154579177567038,
        0.6543007071615435,
        0.6509756683289731,
        0.6588328768803139,
        0.6428463763080445,
        0.6606569857750164,
        0.6552485284499674,
        0.6443115394048398,
        0.6519273217789405,
        0.6661293124591235,
        0.6511538638407457,
        0.6377317180346631,
        0.6573587720732506,
        0.6560928813767168
    ],
    "evaluated_auc": 0.6552485284499674,
    "best_model": "73epoch.pth"
}