{
    "auc_list": [
        0.5674485979398299,
        0.5676925788914323,
        0.5627669739208633,
        0.5799465541203401,
        0.57440524852845,
        0.5864369583878352,
        0.5981844495994114,
        0.5971963906147808,
        0.6038924542184434,
        0.6215306164159582,
        0.6167116732750163,
        0.613406433943754,
        0.6400131315402224,
        0.6670247608731197,
        0.6373229541366905,
        0.6411819408109876,
        0.6506844240516677,
        0.6119795924623936,
        0.6249335758665795,
        0.6816674501308044,
        0.6838811621157619,
        0.6762066199313277,
        0.6879113186723348,
        0.6807541182962721,
        0.6835586218525179,
        0.6864014470241988,
        0.6581367008665795,
        0.705203308943754,
        0.6539455935251799,
        0.6971353315075213,
        0.6525557962720733,
        0.6985685599247875,
        0.71746622588293,
        0.7042337720732504,
        0.7096728866906475,
        0.7021094771909746,
        0.6627595650752125,
        0.6968172620994114,
        0.6996262365107914,
        0.6736122465663832,
        0.7086663055918901,
        0.6466555448822761,
        0.672325917674951,
        0.694813041612165,
        0.686387395765206,
        0.6891989249509484,
        0.7104112164813604,
        0.6975964682799215,
        0.680497363472858,
        0.6943659560987574,
        0.7210582386363636,
        0.6905951091399608,
        0.7151490455362982,
        0.7130375245258338,
        0.7105696124918246,
        0.7078602742805755,
        0.7133555939339438,
        0.6728688072269458,
        0.6957685272236755,
        0.6925801688194898,
        0.7257436948168737,
        0.6688935783191629,
        0.7213188256213211,
        0.6677975801177239,
        0.6785787279267496,
        0.7116106830444735,
        0.6955986347285807,
        0.6116295883747548,
        0.6868587516350556,
        0.6975389858567691,
        0.6820659949313277,
        0.7126811335022892,
        0.6400099380722695,
        0.6932341910562461,
        0.68048842176259,
        0.6999851823086986,
        0.7022257194244605,
        0.6792110345814258,
        0.6753418288096795,
        0.7011156699640287
    ],
    "evaluated_auc": 0.7130375245258338,
    "best_model": "54epoch.pth"
}