{
    "auc_list": [
        0.5648248446697188,
        0.5893353499018966,
        0.5750650190075213,
        0.5746262365107913,
        0.56999443059189,
        0.593213497383911,
        0.6091016391432309,
        0.6080605685905821,
        0.6338918921680837,
        0.6257306654676259,
        0.6227454116252453,
        0.6438874468606932,
        0.6656681756867234,
        0.6335188951111838,
        0.6651380600065402,
        0.632921077910399,
        0.6250344894538914,
        0.633439058412361,
        0.679655565320471,
        0.6665304120340092,
        0.6370508706671028,
        0.6550454238881621,
        0.6648800277959451,
        0.6848890206017004,
        0.6456694019784173,
        0.6976079647645519,
        0.6734640696533682,
        0.6821822371648136,
        0.6780447800850229,
        0.6588034969751472,
        0.6426981993950294,
        0.7045211841890124,
        0.675096570470896,
        0.677554263407456,
        0.6824785909908436,
        0.6941130334368869,
        0.7017811886854154,
        0.6583806818181818,
        0.6917268741824721,
        0.6292651957979072,
        0.6922007848266841,
        0.7015653102517986,
        0.70965372588293,
        0.69044054529104,
        0.679267239617397,
        0.697904318590582,
        0.6802240026160888,
        0.7206060435742315,
        0.7056772195879659,
        0.6956727231850883,
        0.6759856319489862,
        0.6888961841890124,
        0.6786732545781557,
        0.6913934761281884,
        0.7226741334205362,
        0.7329800931981688,
        0.6961402468933944,
        0.6867706119195554,
        0.7047562234303466,
        0.7037764674623936,
        0.6914049726128189,
        0.6877669739208633,
        0.724026886445389,
        0.6657563154022236,
        0.7152614556082406,
        0.7008895724329627,
        0.6954491804283846,
        0.6837713068181819,
        0.7099717952910399,
        0.6921024260137345,
        0.712135689175932,
        0.7027775506867232,
        0.7085602824558536,
        0.6906423724656638,
        0.692122864208633,
        0.697346739086004,
        0.6917664731850883,
        0.7099053711576193,
        0.675104234793983,
        0.6974725617233486
    ],
    "evaluated_auc": 0.7047562234303466,
    "best_model": "59epoch.pth"
}