{
    "auc_list": [
        0.5608674991824723,
        0.5658895468852191,
        0.5498462025833879,
        0.570072351209941,
        0.5679403920045781,
        0.5903738656801831,
        0.5880273054283846,
        0.5918403061641596,
        0.578887600147155,
        0.5701617683126226,
        0.6043587005395683,
        0.586428016677567,
        0.6052656454381948,
        0.6029075887017659,
        0.5843279921517333,
        0.5844589243378024,
        0.6215548867724001,
        0.6330322105951602,
        0.623859931940811,
        0.6328533763897972,
        0.6390914966890124,
        0.6287695695716153,
        0.6346391636690648,
        0.6451482280085022,
        0.6088436069326357,
        0.665144446942446,
        0.6206453870994113,
        0.6542955976128189,
        0.668046670618051,
        0.6104518373937213,
        0.6529377350392414,
        0.6525800666285154,
        0.6388149423642904,
        0.6324101230379333,
        0.6518238534172662,
        0.6626918635546107,
        0.6193015757848266,
        0.6814081405330281,
        0.6367213047743624,
        0.6647292961085677,
        0.6544463293001961,
        0.6873479909254415,
        0.6662174521746238,
        0.6690085431654677,
        0.6610836330935251,
        0.6389733383747547,
        0.664756121239372,
        0.6368733138489209,
        0.6819887130068673,
        0.6781303650261608,
        0.6846629230706345,
        0.6292115455362982,
        0.7024607586657946,
        0.6759703033028123,
        0.6892027571124918,
        0.6824773136036626,
        0.6779566403695226,
        0.6989779625163506,
        0.6752715725147156,
        0.692939114617397,
        0.7093177730542839,
        0.7027034622302157,
        0.6794677894048398,
        0.668838011976782,
        0.7149242253924134,
        0.6793477150098102,
        0.7220073373119686,
        0.717504547498365,
        0.7181470732504904,
        0.5759457774689339,
        0.6873211657946371,
        0.7074859998364944,
        0.7063171905657293,
        0.7036806634238064,
        0.7176476148626554,
        0.7010300850228908,
        0.6858279001798562,
        0.6653718218606932,
        0.7093982484466972,
        0.7222142740353172
    ],
    "evaluated_auc": 0.7149242253924134,
    "best_model": "65epoch.pth"
}