{
    "auc_list": [
        0.5676216839028777,
        0.5661833459368869,
        0.5747629169391759,
        0.5749851823086984,
        0.569277816383257,
        0.5668367294800524,
        0.5739907363881622,
        0.582537095323741,
        0.5842743418901243,
        0.5719501103662524,
        0.6210579831589274,
        0.6116091501798562,
        0.5993206854970569,
        0.6271140757848267,
        0.6245810170045781,
        0.5961067793492478,
        0.6276493010137345,
        0.635948485529758,
        0.6139946707406801,
        0.6319362123937213,
        0.6464767106769129,
        0.6522147338947024,
        0.6388813664977109,
        0.6291808882439504,
        0.6338344097449313,
        0.6632743521092218,
        0.6336670720241988,
        0.6569219056572924,
        0.6595456589274036,
        0.6533937622629169,
        0.6663043145029431,
        0.6667169105624591,
        0.6482177894048398,
        0.6697864719587966,
        0.6483544698332244,
        0.6657856953073904,
        0.6337501021909745,
        0.6701058187540877,
        0.6229331875408763,
        0.6818679999182473,
        0.6447854500490516,
        0.6694288035480707,
        0.6308453237410072,
        0.6518053313031392,
        0.6677452072432963,
        0.6437954749836494,
        0.6629460636036626,
        0.6419547600555919,
        0.6677337107586658,
        0.6771250613145846,
        0.6540924930510137,
        0.6526171108567691,
        0.6616048070634402,
        0.6620014357831916,
        0.6860514429365597,
        0.6650946288423807,
        0.6768734160398954,
        0.694519242560497,
        0.6635413260300851,
        0.6485256397155004,
        0.6557313808044474,
        0.6752179222531066,
        0.6714866742969261,
        0.649074916203401,
        0.6779975167593197,
        0.685071686968607,
        0.6867642249836494,
        0.6700164016514061,
        0.6941909540549379,
        0.6692806266350556,
        0.6840152877697843,
        0.6795278266023544,
        0.6585007562132114,
        0.6805625102190974,
        0.6982964764551995,
        0.6849043492478744,
        0.6817849697514716,
        0.6809061273708306,
        0.665984967707652,
        0.7008129292020928
    ],
    "evaluated_auc": 0.6849043492478744,
    "best_model": "76epoch.pth"
}