{
    "auc_list": [
        0.5816697494277306,
        0.5847214274035317,
        0.5857867683126226,
        0.5746032435415304,
        0.6007277274771092,
        0.6205316996402878,
        0.597625592707652,
        0.6012840295945062,
        0.6055019620667104,
        0.5933156883584042,
        0.5997843770438195,
        0.6022420699803794,
        0.601959767413342,
        0.5914366518149117,
        0.6042450130804448,
        0.6305924010791366,
        0.610060956916285,
        0.6140655657292349,
        0.6202915508502289,
        0.624237399852845,
        0.6179143333060824,
        0.6378454054937868,
        0.619148289323087,
        0.6431363431981687,
        0.6269825049051668,
        0.6321022727272727,
        0.6421642515533028,
        0.6465891207488554,
        0.6291016902387181,
        0.6518813358404185,
        0.6637865843688685,
        0.6745945573086984,
        0.6884593177730542,
        0.6427237471386527,
        0.6756062479561804,
        0.6694958663750817,
        0.685695051913015,
        0.6557364903531719,
        0.6725954463701767,
        0.669272323618378,
        0.6399134953400915,
        0.6666108874264224,
        0.6599812479561805,
        0.6709425073577502,
        0.6804769252779594,
        0.6728790263243951,
        0.6676928343688685,
        0.6553647706834532,
        0.7018322841726619,
        0.6884011966563113,
        0.683103233322433,
        0.630306266350556,
        0.6803938951111839,
        0.6824709266677568,
        0.6649783866088946,
        0.7063938337965991,
        0.693620600678548,
        0.6928394784172662,
        0.6658125204381949,
        0.6509054120340092,
        0.6903702889960759,
        0.6916221284336168,
        0.6840766023544801,
        0.6668305980215827,
        0.700432267822106,
        0.6679879108077175,
        0.6942663198986265,
        0.7281975555918901,
        0.6649617805755396,
        0.7033102211412688,
        0.7025795556736428,
        0.6704008951929366,
        0.7087288975637672,
        0.7121114188194899,
        0.6962488248037934,
        0.7212971100392414,
        0.6853233322432963,
        0.7178047334859385,
        0.6892359691792022,
        0.7075869134238064
    ],
    "evaluated_auc": 0.7121114188194899,
    "best_model": "74epoch.pth"
}