{
    "auc_list": [
        0.5051299869195554,
        0.5339280422253107,
        0.579579943999346,
        0.5159545658927404,
        0.5805711964519293,
        0.603885428588947,
        0.5936069326357096,
        0.6065315361347285,
        0.6129395489290386,
        0.5871791203400916,
        0.6062875551831263,
        0.5962728396827992,
        0.6392300931981687,
        0.5977277836821452,
        0.6619784428139306,
        0.6095608598348594,
        0.6286073413996076,
        0.660420669146501,
        0.6617644804610856,
        0.6433701050523218,
        0.6081665917266188,
        0.6148077276814912,
        0.5521723246402878,
        0.6643729050850228,
        0.6376933964192282,
        0.6612969567527797,
        0.6634072003760627,
        0.6382228734058207,
        0.685018036706998,
        0.6348818672334859,
        0.625654022236756,
        0.6657831405330281,
        0.6700751614617396,
        0.6530680285317201,
        0.6708875797089601,
        0.6267500204381949,
        0.6897200989208634,
        0.6535457713374755,
        0.6258813971550033,
        0.645504619032047,
        0.6637316567200784,
        0.698674583060824,
        0.715256346059516,
        0.685205812622629,
        0.6954351291693918,
        0.6798471733976456,
        0.6707841113472859,
        0.7071832590745586,
        0.7029346693100066,
        0.6999851823086984,
        0.7082038914323087,
        0.7052090571860693,
        0.6688565340909091,
        0.6901416366906475,
        0.7209688215336821,
        0.7171788137671681,
        0.6683698495748855,
        0.7019842932472203,
        0.6797564789077828,
        0.6925226863963375,
        0.7012664016514061,
        0.6690238718116417,
        0.7189760975310662,
        0.6413198986265534,
        0.7025335697351209,
        0.6977382582570307,
        0.6905785031066056,
        0.6445797907128842,
        0.7041545740680182,
        0.6940261711085677,
        0.6857282639797253,
        0.700160184352518,
        0.6852198638816219,
        0.6830508604480052,
        0.6762564380313931,
        0.668778613472858,
        0.6830917368378024,
        0.6885640635219097,
        0.6769743296272073,
        0.686480645029431
    ],
    "evaluated_auc": 0.7052090571860693,
    "best_model": "52epoch.pth"
}