{
    "auc_list": [
        0.5503546026814912,
        0.5498066035807717,
        0.5579614433453237,
        0.5583900067446043,
        0.5692260822024198,
        0.612206967380641,
        0.5990600985120994,
        0.5956354234793984,
        0.6020887835186397,
        0.6046946533682145,
        0.6112514817691301,
        0.5894911911379987,
        0.6263029349247875,
        0.6297889245421845,
        0.6126757684761281,
        0.6567443488391105,
        0.6377355501962066,
        0.6489229071288424,
        0.6296816240189667,
        0.6453155657292349,
        0.647347888734467,
        0.6734742887508174,
        0.6712075651978417,
        0.6787773616334205,
        0.6411787473430346,
        0.6694019784172661,
        0.6417861449476783,
        0.6570266514061478,
        0.6577828646173969,
        0.6679725821615434,
        0.6548435967135384,
        0.6382950457815566,
        0.6884082222858077,
        0.6400514531556573,
        0.6997552526160891,
        0.6822269457161544,
        0.6720333960104645,
        0.6765119154676259,
        0.6884669820961411,
        0.6869801034172662,
        0.6905555101373447,
        0.6405304733485939,
        0.6810530268966645,
        0.6685090847776324,
        0.6768734160398955,
        0.6628298213701767,
        0.6859543615107914,
        0.6691522492233486,
        0.6651955424296927,
        0.7041494645192936,
        0.7148194796435579,
        0.6787269048397646,
        0.6997910194571615,
        0.7112466276978416,
        0.7090712373283192,
        0.6963701765860039,
        0.718967155820798,
        0.6542674950948332,
        0.7071296088129497,
        0.6921880109548725,
        0.7459200253433618,
        0.6889830465173317,
        0.7179209757194244,
        0.7005165753760627,
        0.6854651222204056,
        0.7139738493296272,
        0.7022602088783518,
        0.6974827808207978,
        0.6879036543492478,
        0.7025399566710269,
        0.7050589641922825,
        0.7001423009319817,
        0.6916693917593199,
        0.7110895090745584,
        0.7069098982177895,
        0.72345717176259,
        0.6957557533518639,
        0.7050487450948332,
        0.6956548397645519,
        0.6915812520438195
    ],
    "evaluated_auc": 0.7071296088129497,
    "best_model": "59epoch.pth"
}