{
    "auc_list": [
        0.578832672498365,
        0.5718824088456508,
        0.5645770315565728,
        0.5809825151242642,
        0.5709141493623283,
        0.5795020233812951,
        0.6084674164077829,
        0.6126617172171354,
        0.5927357545781557,
        0.6090441567200785,
        0.6544220589437542,
        0.6246065647482015,
        0.632399903940484,
        0.6770126512426422,
        0.6680952113309353,
        0.6563368623283192,
        0.6667897216317855,
        0.6616520703891432,
        0.6723540201929366,
        0.6405419698332243,
        0.6605701234466972,
        0.6303586392249837,
        0.6623456916285153,
        0.6421642515533028,
        0.6912491313767168,
        0.6958017392903859,
        0.6914356299051668,
        0.6924332692936559,
        0.6729186253270112,
        0.6812229193917594,
        0.6879956262262916,
        0.6715339376226291,
        0.6839450314748201,
        0.6635323843198169,
        0.7149689339437539,
        0.6908825212557227,
        0.6677771419228253,
        0.7241405739045127,
        0.6647957202419882,
        0.6891874284663178,
        0.6915557043001961,
        0.706487083060824,
        0.7136966563113146,
        0.7128037626716808,
        0.68768649852845,
        0.6400080219914978,
        0.6839386445389143,
        0.6868740802812296,
        0.720360785235448,
        0.7161952256376716,
        0.7082971406965337,
        0.6671269518476128,
        0.697109783763898,
        0.7227150098103334,
        0.7238518844015698,
        0.7095029941955526,
        0.701148882030739,
        0.7165299010791367,
        0.6904980277141922,
        0.7018693284009156,
        0.7269342196697188,
        0.7146074333714847,
        0.6812382480379332,
        0.6988099861020275,
        0.730312908763898,
        0.689842728090255,
        0.6617376553302812,
        0.6933184986102028,
        0.6972260259973839,
        0.696503024852845,
        0.6783539077828645,
        0.6890277550686723,
        0.6599046047253107,
        0.6981444673806411,
        0.7086752473021583,
        0.6945831119195551,
        0.7107228989535646,
        0.6969616068508828,
        0.696823649035317,
        0.7031990884565075
    ],
    "evaluated_auc": 0.7165299010791367,
    "best_model": "58epoch.pth"
}