{
    "auc_list": [
        0.5564145274689339,
        0.5693429631294964,
        0.5618108496157619,
        0.5571847919391759,
        0.564164435497057,
        0.5628634166530412,
        0.5587713068181819,
        0.5645591481360367,
        0.5618766350555919,
        0.563091430264879,
        0.5786959920699805,
        0.5643023933126227,
        0.5935143220650752,
        0.5809288648626553,
        0.5782348552975801,
        0.6008407762426422,
        0.5937129557717462,
        0.5896917409254414,
        0.584941137998692,
        0.6041862532701112,
        0.5924700580444736,
        0.6098169759646828,
        0.6142265165140615,
        0.6301606442119033,
        0.6058634626389797,
        0.6063923009319817,
        0.6206926504251145,
        0.5996591931000653,
        0.6229906699640287,
        0.613102415794637,
        0.6370214907619358,
        0.6247330260791367,
        0.6412132367969262,
        0.652615833469588,
        0.6373510566546763,
        0.655666234058208,
        0.6376244175114454,
        0.6485601291693918,
        0.6552830179038587,
        0.6297058943754088,
        0.6663170883747549,
        0.640959675441465,
        0.6291285153695225,
        0.6514738493296273,
        0.6290212148463048,
        0.6274449190647482,
        0.6643927045863309,
        0.6526567098593852,
        0.649582038914323,
        0.6573127861347288,
        0.6711877656965336,
        0.6374328094342708,
        0.6732980093198169,
        0.6362014081916285,
        0.665575565116089,
        0.6414489147318508,
        0.6782696002289078,
        0.6289880027795944,
        0.6714968933943753,
        0.640655657292348,
        0.6669468402550687,
        0.6570585860856768,
        0.6551195123446697,
        0.6523539690974494,
        0.6356572412524525,
        0.6733657108404187,
        0.6494504680346632,
        0.6586272175441465,
        0.6584828727926749,
        0.6739660828155658,
        0.6676851700457815,
        0.6790373099247875,
        0.657144171026815,
        0.6465750694898627,
        0.6489088558698495,
        0.6653769314094179,
        0.6463106503433618,
        0.6415792082243298,
        0.6812012038096794,
        0.6928841869686069
    ],
    "evaluated_auc": 0.6676851700457815,
    "best_model": "71epoch.pth"
}