{
    "auc_list": [
        0.5565460983485938,
        0.5607078257848267,
        0.5651722939829954,
        0.5731930080935251,
        0.5744486796926096,
        0.5841440483976456,
        0.5827516963701765,
        0.6092664220896011,
        0.6142641994359058,
        0.5928149525833879,
        0.5964389000163506,
        0.6087861245094833,
        0.593691878883257,
        0.6057970385055591,
        0.6331918839928058,
        0.6351220160235448,
        0.6110726475637672,
        0.6773422171353827,
        0.67438762058535,
        0.6517587066710269,
        0.620042460349902,
        0.6579489249509485,
        0.6519215735366253,
        0.6780626635055592,
        0.647239310824068,
        0.688982407823741,
        0.6683213088620014,
        0.6707738922498364,
        0.6765036124509481,
        0.6699231523871813,
        0.6411691669391759,
        0.6800553875081752,
        0.6684605440647482,
        0.6750122629169392,
        0.6824364372138654,
        0.6548538158109876,
        0.6847983261118379,
        0.6118697371648135,
        0.6921394702419882,
        0.6480811089764551,
        0.6751323373119686,
        0.708400609058208,
        0.720524290794637,
        0.6919964028776977,
        0.7139585206834533,
        0.7081732341399607,
        0.6967993786788751,
        0.699903429529104,
        0.7103805591890124,
        0.6928100985120994,
        0.6975581466644866,
        0.70618625837966,
        0.6809687193427076,
        0.7149408314257685,
        0.7143941097122303,
        0.7226856299051668,
        0.7081642924296925,
        0.6983922804937869,
        0.6744910889470243,
        0.7071193897155004,
        0.6497289384401569,
        0.6989594404022237,
        0.7294711106115108,
        0.6891567711739699,
        0.6932405779921519,
        0.7283648933126227,
        0.7263504537279267,
        0.6698030779921518,
        0.6989083449149771,
        0.6961274730215828,
        0.6861817364290387,
        0.7005932186069326,
        0.6753316097122303,
        0.7148526917102681,
        0.6952856748691956,
        0.7047689973021583,
        0.7003019743296273,
        0.6738472858077175,
        0.69151610529758,
        0.6869979868378024
    ],
    "evaluated_auc": 0.7263504537279267,
    "best_model": "67epoch.pth"
}