{
    "auc_list": [
        0.5501706589274035,
        0.5698769109712231,
        0.5697900486429038,
        0.5781058391922825,
        0.5737429232750163,
        0.578079014061478,
        0.5832747864208633,
        0.5894400956507522,
        0.5789195348266841,
        0.5636330424296926,
        0.576903817854807,
        0.5670347244931327,
        0.6190722847858077,
        0.6044366211576193,
        0.6204921006376716,
        0.6498228263979725,
        0.614277612001308,
        0.6303062663505559,
        0.6425934536461739,
        0.629661185824068,
        0.6434991211576193,
        0.6436536850065403,
        0.6460934945225638,
        0.6514176442936559,
        0.6214731339928057,
        0.6662698250490517,
        0.6586923642903858,
        0.6543070940974494,
        0.6635540999018966,
        0.659152223675605,
        0.6519694755559189,
        0.6301389286298235,
        0.6514393598757358,
        0.6672393619195552,
        0.6590755804447352,
        0.6545216951438848,
        0.6822065075212558,
        0.6512937377370831,
        0.6425104234793984,
        0.6438963885709613,
        0.6407655125899281,
        0.6615371055428384,
        0.6758936600719423,
        0.6630252616088947,
        0.6709923254578156,
        0.6677694775997383,
        0.7024697003760627,
        0.6612100944244604,
        0.6683864556082406,
        0.68297932676586,
        0.6605049767004579,
        0.7072694827092871,
        0.6608217687213865,
        0.6909668288096795,
        0.6840037912851537,
        0.6629562827011118,
        0.6577688133584042,
        0.7049976496075866,
        0.7014465132439502,
        0.6759089887181164,
        0.6530731380804448,
        0.6846079954218445,
        0.6959741865598431,
        0.6553507194244603,
        0.6981227517985612,
        0.719544534826684,
        0.6971442732177894,
        0.6778831906066056,
        0.7062277734630478,
        0.6853054488227599,
        0.6922237777959451,
        0.6933146664486592,
        0.7061160020846959,
        0.7108097612818836,
        0.7083290753760627,
        0.712968545618051,
        0.6840983179365598,
        0.6964340459450622,
        0.6999276998855462,
        0.6918009626389797
    ],
    "evaluated_auc": 0.7061160020846959,
    "best_model": "73epoch.pth"
}