{
    "auc_list": [
        0.5588741364862656,
        0.5665192987655331,
        0.5765755293492478,
        0.5640596897482015,
        0.5752157506948986,
        0.5801662647155004,
        0.5853192446043165,
        0.5847188726291693,
        0.5962702849084369,
        0.5920893966644867,
        0.6006689676667757,
        0.6095857688848921,
        0.6056590806899934,
        0.6128929242969261,
        0.6151807247383911,
        0.6194855195389144,
        0.6196004843852192,
        0.6301606442119033,
        0.6198508522727273,
        0.6316334716317855,
        0.6456783436886854,
        0.6599180172907129,
        0.6617376553302812,
        0.641870452501635,
        0.6221731421680836,
        0.6518462076929364,
        0.6570113227599739,
        0.647511394293656,
        0.6506039486592544,
        0.6464217830281228,
        0.6492971815729235,
        0.6764563491252453,
        0.6608818059189012,
        0.6396912299705689,
        0.6660743848103335,
        0.6563036502616089,
        0.6787818324885546,
        0.6676117202828646,
        0.6760788812132112,
        0.6519139092135382,
        0.6383742437867888,
        0.65539415058862,
        0.6575337741170699,
        0.6673671006376717,
        0.6819203727926749,
        0.6699282619359058,
        0.6698631151896666,
        0.6543237001308044,
        0.6650090439012427,
        0.6961249182472204,
        0.6776194101536953,
        0.6306511608894702,
        0.6932750674460433,
        0.6751770458633094,
        0.691290007766514,
        0.7012638468770438,
        0.6857461474002617,
        0.6838466726618704,
        0.6611871014551994,
        0.6574085901733159,
        0.6966230992478745,
        0.7105913280739046,
        0.689352211412688,
        0.6675880886200132,
        0.6847165733322433,
        0.6647024709777632,
        0.6633650465990842,
        0.7054179099901897,
        0.6670490312295618,
        0.7062878106605625,
        0.7105376778122956,
        0.677819959941138,
        0.6930821819816874,
        0.7033459879823414,
        0.7242836412688032,
        0.7097316465009811,
        0.7027801054610856,
        0.7071104480052322,
        0.6911533273381296,
        0.7141079749836494
    ],
    "evaluated_auc": 0.7097316465009811,
    "best_model": "76epoch.pth"
}