{
    "auc_list": [
        0.5767294545045781,
        0.5428154635382603,
        0.5614384912524526,
        0.5669370043737737,
        0.5857024607586658,
        0.5968438317527796,
        0.5889942875245259,
        0.6207067016841072,
        0.6042539547907129,
        0.620152315647482,
        0.6094082120667103,
        0.6100162483649444,
        0.6272839682799215,
        0.6070131111020275,
        0.615973982177894,
        0.643716915672008,
        0.6284029594506213,
        0.6561171517331589,
        0.6278345221550032,
        0.6592697432962721,
        0.6279967503270112,
        0.6543492478744277,
        0.6487734528286462,
        0.6739558637181163,
        0.6565897849901896,
        0.6341218218606932,
        0.6360583408273381,
        0.6179948086984957,
        0.6484081200948332,
        0.6367021439666447,
        0.6541934066383257,
        0.6641889613309353,
        0.6693694050441465,
        0.6494095916448659,
        0.6702999816056247,
        0.6580511159254414,
        0.6392249836494441,
        0.6658802219587967,
        0.6488743664159581,
        0.6664639879005886,
        0.6616482382275997,
        0.6325582999509484,
        0.6755692037279266,
        0.6695437683943755,
        0.665408866088947,
        0.6715058351046437,
        0.7107101250817528,
        0.6486521010464357,
        0.6763151978417266,
        0.699576418410726,
        0.7033319367233486,
        0.6835068876716809,
        0.6440241272890778,
        0.7087646644048398,
        0.6931217809843035,
        0.6882230011445389,
        0.708299695470896,
        0.6796351271255723,
        0.7011961453564423,
        0.6821145356442119,
        0.6902591563113145,
        0.6921496893394375,
        0.6835234937050361,
        0.6869877677403532,
        0.6212994093361675,
        0.7224608097612819,
        0.7055584225801177,
        0.6985481217298888,
        0.6588290447187705,
        0.6752281413505559,
        0.7186197065075212,
        0.7007554467789405,
        0.6925916653041204,
        0.6545932288260301,
        0.7184613104970567,
        0.7108966236102028,
        0.7000056205035972,
        0.7067221223021583,
        0.6991395519947678,
        0.6952601271255722
    ],
    "evaluated_auc": 0.7067221223021583,
    "best_model": "78epoch.pth"
}