{
    "auc_list": [
        0.555605941383257,
        0.5567990210104643,
        0.5488268476128189,
        0.5677615577992151,
        0.5636803057553957,
        0.5666272379823414,
        0.5957120667102682,
        0.5920561845977763,
        0.5884309597776324,
        0.5747935742315238,
        0.6377815361347285,
        0.616447892822106,
        0.6192274873283192,
        0.635187162769784,
        0.647379823413996,
        0.6121667296844343,
        0.6625194162851538,
        0.6481590295945061,
        0.6313920454545456,
        0.657697279676259,
        0.6698675860448005,
        0.6329338517822107,
        0.6567264654185743,
        0.6364134544637018,
        0.6287721243459778,
        0.6837406495258338,
        0.6600272338947024,
        0.6568733649444082,
        0.6750173724656637,
        0.6364709368868541,
        0.672209675441465,
        0.6613838190810987,
        0.5826009646827992,
        0.6714189727763245,
        0.6293597224493133,
        0.6627672293982996,
        0.6299153858731197,
        0.6327230828973186,
        0.6351386220569,
        0.6110598736919557,
        0.6640969894538915,
        0.6828733036298235,
        0.6562551095487246,
        0.6671691056245912,
        0.6605828973185088,
        0.6298745094833225,
        0.6716412381458469,
        0.655463129496403,
        0.6277016738881622,
        0.6794358547253107,
        0.6919287013570962,
        0.6682433882439502,
        0.6777088272563767,
        0.6642298377207324,
        0.7020596590909091,
        0.6626343811314584,
        0.6724574885546108,
        0.7083329075376061,
        0.6847152959450621,
        0.6873109466971877,
        0.6891312234303466,
        0.711148268884892,
        0.6519298765533027,
        0.68078477558862,
        0.7018616640778286,
        0.6829652755068673,
        0.6850410296762589,
        0.7101940606605623,
        0.6875166060333551,
        0.6833765941792022,
        0.7007848266841072,
        0.7241840050686723,
        0.6858074619849575,
        0.6953112226128189,
        0.723441843116416,
        0.7022538219424461,
        0.6922199456344016,
        0.6987844383584042,
        0.71422932676586,
        0.7226600821615434
    ],
    "evaluated_auc": 0.7022538219424461,
    "best_model": "76epoch.pth"
}