{
    "auc_list": [
        0.5778925155330281,
        0.5630646051340745,
        0.5676114648054283,
        0.5712954494359058,
        0.600394968116416,
        0.5951551258992807,
        0.6035271214846305,
        0.6144973225964683,
        0.6079251655493787,
        0.6114967401079137,
        0.6216532455853498,
        0.6169652346304775,
        0.6087248099247875,
        0.5974735836330936,
        0.6243798285235448,
        0.6312362042184434,
        0.598489106442119,
        0.6203209307553956,
        0.6197512160725964,
        0.6189835063767168,
        0.6562742703564421,
        0.6379386547580118,
        0.6469308218198169,
        0.6679278736102028,
        0.6288078911870503,
        0.6614579075376064,
        0.6669276794473513,
        0.6589389000163506,
        0.6179845896010464,
        0.6351641698005233,
        0.6587217441955526,
        0.6711072903041203,
        0.6876417899771092,
        0.6321661420863309,
        0.6652594117887509,
        0.6516207488554611,
        0.6495437172988882,
        0.6422881581098757,
        0.665385873119686,
        0.647642965173316,
        0.6346187254741662,
        0.6461254292020928,
        0.6570764695062132,
        0.6762589928057554,
        0.6616571799378679,
        0.6655864229071289,
        0.6691835452092871,
        0.6920117315238719,
        0.7030432472204055,
        0.6792953421353827,
        0.6775261608894702,
        0.6662123426258992,
        0.7096741640778287,
        0.6708262651242642,
        0.663617969260955,
        0.6913066137998691,
        0.7129711003924133,
        0.712944275261609,
        0.649714887181164,
        0.6749445613963375,
        0.704767719914977,
        0.683266738881622,
        0.7161888387017659,
        0.658763897972531,
        0.6903485734139961,
        0.6990654635382604,
        0.6867284581425769,
        0.7152870033518639,
        0.6839884626389798,
        0.7136749407292349,
        0.7024888611837803,
        0.7345959879823414,
        0.7211316883992805,
        0.7174074660725964,
        0.7119619645192937,
        0.7164111040712884,
        0.679173990353172,
        0.7184613104970569,
        0.7147338947024199,
        0.7267004578155658
    ],
    "evaluated_auc": 0.7211316883992805,
    "best_model": "73epoch.pth"
}