{
    "auc_list": [
        0.5662619052485285,
        0.5689852947187705,
        0.5718491967789405,
        0.5718172620994114,
        0.5665595364617396,
        0.5652118929856115,
        0.5769638550523217,
        0.5885031321533682,
        0.590364923969915,
        0.571207948413996,
        0.6132557022563767,
        0.606200692854807,
        0.6093162401896665,
        0.6071446819816874,
        0.6237507153368215,
        0.5927523606115108,
        0.6365463027305429,
        0.6356604347204056,
        0.6258322177485285,
        0.6662813215336822,
        0.6617683126226291,
        0.669657455853499,
        0.657128842380641,
        0.6427377983976456,
        0.6275815994931327,
        0.6653667123119686,
        0.6299728682962721,
        0.6728336790794637,
        0.6884829494359058,
        0.6614272502452583,
        0.6711200641759318,
        0.6850359201275343,
        0.5837876573741008,
        0.6539839151406147,
        0.6554592973348595,
        0.6643154226618705,
        0.6318046415140615,
        0.6866371249591237,
        0.614977620176586,
        0.6591420045781557,
        0.6698018006049705,
        0.6718762773871813,
        0.6467104725310661,
        0.6369972204054938,
        0.6638108547253105,
        0.61181097735448,
        0.6671524995912361,
        0.6529390124264225,
        0.6702386670209287,
        0.693849891677567,
        0.6869149566710269,
        0.6629856626062787,
        0.6530386486265531,
        0.687437408028123,
        0.687319888407456,
        0.6765144702419882,
        0.6588833336739699,
        0.7081144743296272,
        0.7098836555755396,
        0.6687709491497711,
        0.7014299072105952,
        0.6887403429529104,
        0.6960674358240682,
        0.6857461474002615,
        0.7191000040876391,
        0.6869392270274689,
        0.6980742110856769,
        0.7126606953073904,
        0.6962909785807718,
        0.6817836923642903,
        0.7052084184924787,
        0.7374509483322433,
        0.6954875020438195,
        0.6944464314911707,
        0.7251765349084369,
        0.7109732668410726,
        0.7163804467789404,
        0.7022998078809679,
        0.6737731973512099,
        0.7358133379659909
    ],
    "evaluated_auc": 0.7109732668410726,
    "best_model": "76epoch.pth"
}