{
    "auc_list": [
        0.5621174225392414,
        0.5288076357096142,
        0.5742609037769785,
        0.4561064216808371,
        0.5508349002616089,
        0.5403335002452583,
        0.5725006642413342,
        0.5480604153041203,
        0.62261895029431,
        0.5902984998364944,
        0.6011179692609548,
        0.6033444551177239,
        0.589609988145847,
        0.6379846406965336,
        0.6579489249509483,
        0.6364338926586004,
        0.6377968647809026,
        0.6221795291039895,
        0.6414508308126228,
        0.5987931245912361,
        0.6098412463211249,
        0.6539302648790059,
        0.6446449374591237,
        0.6670541407782864,
        0.5997779901079137,
        0.6642707141105298,
        0.6238720671190321,
        0.6579348736919555,
        0.6935330996566383,
        0.6655749264224984,
        0.6305847367560496,
        0.6483250899280575,
        0.6486878678875082,
        0.6708639480461085,
        0.7059429161216482,
        0.6995278776978417,
        0.6644137814748201,
        0.6631248978090255,
        0.6867987144375408,
        0.6489893312622629,
        0.6449911093852191,
        0.6952524628024852,
        0.6711954300196207,
        0.684018481237737,
        0.715053241497711,
        0.6989696594996729,
        0.70055745176586,
        0.7098121218933944,
        0.7102221631785481,
        0.6855443202256376,
        0.6988572494277305,
        0.6820404471877044,
        0.6517714805428384,
        0.6857538117233486,
        0.7188956221386528,
        0.720851301913015,
        0.7055814155493787,
        0.7111022829463701,
        0.7005261557799215,
        0.6993119992642249,
        0.7088643006049706,
        0.7286024873283191,
        0.7094442343852192,
        0.6777241559025508,
        0.704549286706998,
        0.6944975269784172,
        0.6833536012099412,
        0.7039782946370176,
        0.7039016514061478,
        0.6641199824231524,
        0.671602916530412,
        0.6766945818345325,
        0.6758272359385219,
        0.6867233485938521,
        0.6953916980052322,
        0.6817741119604317,
        0.6661778531720078,
        0.6876226291693918,
        0.6701364760464357,
        0.7014873896337475
    ],
    "evaluated_auc": 0.7111022829463701,
    "best_model": "58epoch.pth"
}