{
    "auc_list": [
        0.5674984160398954,
        0.566748589764552,
        0.5702096703319163,
        0.5655286850065402,
        0.5717917143557881,
        0.581906066056246,
        0.5937915150833879,
        0.6074257071615435,
        0.6029599615761936,
        0.5980203053466319,
        0.5925479786625245,
        0.6506269416285153,
        0.6162926902795944,
        0.6189579586330936,
        0.6380548969914978,
        0.6486303854643558,
        0.6433777693754088,
        0.6449106339928057,
        0.6695105563276651,
        0.6544935926258992,
        0.6479003586903205,
        0.667346662442773,
        0.6760584430183127,
        0.6581596938358404,
        0.640780841236102,
        0.66767239617397,
        0.6429383481850883,
        0.6897430918901243,
        0.682644651324395,
        0.6744310517495095,
        0.684519855706344,
        0.628330148381295,
        0.6807834982014389,
        0.679205925032701,
        0.6835733118051014,
        0.6905101628924133,
        0.6678614494767823,
        0.7020660460268149,
        0.6892794003433615,
        0.6848513376798562,
        0.7085526181327665,
        0.685500889061478,
        0.7010837352844996,
        0.6964915283682146,
        0.6712925114453892,
        0.6851585492969261,
        0.7020315565729235,
        0.6782185047416612,
        0.7271532915712884,
        0.6964212720732504,
        0.6863656801831263,
        0.7201180816710268,
        0.703598910644212,
        0.6794218034663179,
        0.6920896521419229,
        0.6731741027632439,
        0.6953840336821453,
        0.7174611163342053,
        0.7001308044473512,
        0.6870299215173317,
        0.6798688889797253,
        0.6782823741007195,
        0.6485435231360366,
        0.7073371842298887,
        0.6714751778122957,
        0.6682395560824068,
        0.6970280309843034,
        0.6806557594833225,
        0.6758898279103989,
        0.6935164936232832,
        0.7031850371975147,
        0.7001193079627207,
        0.6707317384728582,
        0.6803823986265533,
        0.6758642801667756,
        0.6936059107259647,
        0.6855532619359059,
        0.6676404614944409,
        0.6800464457979072,
        0.6899487512262916
    ],
    "evaluated_auc": 0.703598910644212,
    "best_model": "53epoch.pth"
}