{
    "auc_list": [
        0.5557502861347285,
        0.5675776140451275,
        0.5825102701929366,
        0.5792797580117723,
        0.5773726189502943,
        0.5663308841563113,
        0.5761731523871811,
        0.5913523442609548,
        0.6057753229234795,
        0.5847393108240679,
        0.601756662851537,
        0.6259912524525835,
        0.6344897093688685,
        0.6251379578155657,
        0.6402558351046436,
        0.6558412361020275,
        0.6109391606033355,
        0.6525015073168738,
        0.6762589928057554,
        0.6493355031883584,
        0.6453066240189667,
        0.6718628648217789,
        0.6617312683943755,
        0.6655762038096795,
        0.6540861061151079,
        0.6705426851700457,
        0.6672789609221713,
        0.686601358118051,
        0.6883737328319163,
        0.6592620789731851,
        0.6263795781556573,
        0.6953176095487247,
        0.6372871872956181,
        0.68212347735448,
        0.6863273585676913,
        0.6540120176586004,
        0.7073748671517331,
        0.6411972694571616,
        0.6677822514715501,
        0.6359433759810333,
        0.7007184025506866,
        0.7131409928875081,
        0.7062533212066712,
        0.6874885035153696,
        0.7173167715827338,
        0.6706717012753435,
        0.7008467799623936,
        0.7314944919064749,
        0.7234552556818181,
        0.7108608567691301,
        0.7106232627534337,
        0.7188866804283844,
        0.6947402305428384,
        0.7226817977436233,
        0.7290125286134728,
        0.7395803527632439,
        0.687701827174624,
        0.6961734589601047,
        0.7178405003270112,
        0.7067604439175932,
        0.6969679937867888,
        0.6608677546599084,
        0.7312594526651406,
        0.6570828564421192,
        0.708886654880641,
        0.7450795045781556,
        0.7388662933289731,
        0.6747682819653367,
        0.7215040467625898,
        0.7244765267331589,
        0.7155935762753434,
        0.7080301667756703,
        0.7153227701929366,
        0.7117665242805755,
        0.7187563869359058,
        0.7058075130804448,
        0.7027890471713538,
        0.7115672518803139,
        0.6995387354888817,
        0.7265101271255722
    ],
    "evaluated_auc": 0.7226817977436233,
    "best_model": "54epoch.pth"
}