{
    "auc_list": [
        0.5624003637998691,
        0.568639122792675,
        0.5501463885709614,
        0.5735685599247875,
        0.5683683167102681,
        0.5883389879005887,
        0.611270003883257,
        0.6229408518639633,
        0.5782961698822761,
        0.6024873283191629,
        0.626859875735775,
        0.6214801596223021,
        0.6321227109221712,
        0.6654867867069981,
        0.6504193662115763,
        0.6426394395846959,
        0.6592569694244604,
        0.6534052587475473,
        0.6687415692446043,
        0.6193405360938522,
        0.6654982831916284,
        0.6510305959777631,
        0.6602839887181164,
        0.6434301422498365,
        0.6674973941301504,
        0.7047856033355134,
        0.6467717871157619,
        0.6571454484139961,
        0.6626497097776325,
        0.6782453298724656,
        0.6587332406801831,
        0.6526298847285809,
        0.6314635791366906,
        0.6549879414650098,
        0.6925431245912362,
        0.7128727415794637,
        0.6677822514715501,
        0.7223790569816873,
        0.6702552730542838,
        0.6743416346468281,
        0.703513325703074,
        0.7147900997383911,
        0.7261460717789404,
        0.7006149341890126,
        0.7006443140941792,
        0.6765540692446044,
        0.695911594587966,
        0.6627525394457162,
        0.7283648933126226,
        0.7014631192773053,
        0.7260196104480053,
        0.6600476720896009,
        0.7034405146337475,
        0.6970727395356443,
        0.7065432880967953,
        0.7309618214519293,
        0.6408523749182473,
        0.7206788546435579,
        0.6832871770765205,
        0.7026855788096795,
        0.7172030841236102,
        0.7153547048724657,
        0.694916509973839,
        0.7242734221713538,
        0.7190029226618705,
        0.7035823046108567,
        0.6852428568508829,
        0.7041507419064749,
        0.6909949313276652,
        0.6810555816710269,
        0.702782660235448,
        0.687998181000654,
        0.6844642893639633,
        0.6953955301667758,
        0.7071934781720078,
        0.703754751880314,
        0.7033229950130806,
        0.6671269518476128,
        0.693327440320471,
        0.721551310088293
    ],
    "evaluated_auc": 0.7153547048724657,
    "best_model": "62epoch.pth"
}