{
    "auc_list": [
        0.5290854674215173,
        0.5357023330199477,
        0.5605315463538261,
        0.5505027795945061,
        0.5609709675441465,
        0.5500454749836494,
        0.5626628668655984,
        0.5688971550032701,
        0.5705552035644211,
        0.5789642433780248,
        0.5721251124100719,
        0.5918888468770438,
        0.5794579535235448,
        0.5945138775343362,
        0.588209971795291,
        0.5958129802975801,
        0.5948868745912361,
        0.5874039404839765,
        0.6036178159744932,
        0.623459471059516,
        0.6192913566873774,
        0.6002902223675606,
        0.6213607239208633,
        0.6326272788587312,
        0.5971861715173316,
        0.6233789956671028,
        0.6342418962557227,
        0.6280593422988882,
        0.6143772482014388,
        0.6634531863145847,
        0.6466261649771093,
        0.6466223328155657,
        0.6393603866906474,
        0.6318659560987573,
        0.632960676913015,
        0.6552395867396992,
        0.6493929856115108,
        0.6520346223021583,
        0.6360545086657946,
        0.6107839580608241,
        0.6544322780412033,
        0.6521802444408109,
        0.6426573230052322,
        0.6626701479725311,
        0.6281870810170046,
        0.6639628637998691,
        0.6487887814748202,
        0.6397436028449967,
        0.662133645356442,
        0.6418576786298233,
        0.6314086514879005,
        0.6729199027141923,
        0.6729313991988228,
        0.6404870421844342,
        0.64831678691138,
        0.6858221519375409,
        0.6770254251144538,
        0.6648774730215827,
        0.6687198536625245,
        0.664250275915631,
        0.642119543001962,
        0.6751144538914323,
        0.6168093933943755,
        0.6751796006376717,
        0.6226623814584695,
        0.6323232607096142,
        0.6172756397155004,
        0.647277632439503,
        0.6782913158109877,
        0.6349540396092218,
        0.6396030902550687,
        0.6755998610202747,
        0.6750863513734466,
        0.674219644171027,
        0.6880594955853498,
        0.6544948700130805,
        0.6629716113472859,
        0.667734988145847,
        0.6619841910562458,
        0.6853118357586658
    ],
    "evaluated_auc": 0.674219644171027,
    "best_model": "74epoch.pth"
}