{
    "auc_list": [
        0.5555241886036625,
        0.5813593443427076,
        0.5844250735775016,
        0.5798590530984303,
        0.5820695716154349,
        0.5511849043492478,
        0.5684602885873119,
        0.5666681143721386,
        0.5870833163015041,
        0.5677845507684761,
        0.5805750286134729,
        0.5817719404022237,
        0.6010694285480707,
        0.6142699476782211,
        0.625447724206998,
        0.635722387998692,
        0.6008254475964683,
        0.618408682145193,
        0.6357306910153695,
        0.6073490639306736,
        0.6181595916448659,
        0.645293850147155,
        0.6346353315075213,
        0.6386565463538261,
        0.6459414854480052,
        0.6493802117396992,
        0.6603989535644211,
        0.6421987410071943,
        0.6527403787197515,
        0.6662659928875082,
        0.6529594506213211,
        0.6705235243623283,
        0.6388941403695226,
        0.6899819632930019,
        0.6618858322432963,
        0.6593195613963374,
        0.6680505027795944,
        0.665751205853499,
        0.6624632112491825,
        0.6483857658191627,
        0.6425436355461086,
        0.6564045638489209,
        0.6847012446860694,
        0.6833382725637672,
        0.6665559597776324,
        0.674824487001308,
        0.676598777795945,
        0.6585876185415304,
        0.6927321778940484,
        0.6552715214192283,
        0.6759779676258993,
        0.7041801218116416,
        0.6696549010791367,
        0.6918852701929367,
        0.705513714028777,
        0.6858892147645519,
        0.6514010382603008,
        0.6625500735775016,
        0.6811092319326357,
        0.6822895376880314,
        0.6523782394538913,
        0.6631913219424461,
        0.7143826132275997,
        0.6462761608894702,
        0.7090099227436233,
        0.7121139735938522,
        0.7193452624264225,
        0.6762781536134728,
        0.7046003821942445,
        0.6915314339437542,
        0.6926836371811642,
        0.7203020254251145,
        0.7061281372629169,
        0.7107765492151733,
        0.7082511547580117,
        0.6772553548070634,
        0.6841085370340091,
        0.7183552873610204,
        0.6877478131131458,
        0.7030636854153041
    ],
    "evaluated_auc": 0.7082511547580117,
    "best_model": "75epoch.pth"
}