{
    "auc_list": [
        0.5769434168574232,
        0.590714928057554,
        0.5760492458306082,
        0.5843784489453892,
        0.5834721427403532,
        0.6297301647318508,
        0.6044430080935251,
        0.625981033355134,
        0.6230673131948985,
        0.6392652213456507,
        0.6352842441955526,
        0.6187216420045781,
        0.6436779553629823,
        0.6720678854643557,
        0.6302666673479398,
        0.6631325621321126,
        0.6500182666366907,
        0.6396797334859384,
        0.6139723164650098,
        0.6696140246893395,
        0.6761210349901897,
        0.6864052791857423,
        0.6756892781229562,
        0.6645466297416612,
        0.6452210390778288,
        0.6666964723675605,
        0.658086882766514,
        0.6737157149280575,
        0.6482126798561152,
        0.6656375183943755,
        0.6565374121157619,
        0.6425346938358404,
        0.6872381356278613,
        0.6689817180346631,
        0.6916591726618705,
        0.6852364699149771,
        0.6576091399607586,
        0.6700828257848267,
        0.6704289977109222,
        0.66845160235448,
        0.698813818263571,
        0.6510548663342053,
        0.6935126614617397,
        0.637862011527142,
        0.6585199170209287,
        0.6872777346304775,
        0.6949497220405493,
        0.6664461044800523,
        0.6588763080444735,
        0.6819382562132112,
        0.7102579300196206,
        0.691632347531066,
        0.7008742437867888,
        0.7148233118051014,
        0.702322800850229,
        0.6975709205362982,
        0.7096792736265534,
        0.6176869583878352,
        0.6992500459859385,
        0.6681629128515371,
        0.7297483036298233,
        0.6760111796926096,
        0.7068907374100719,
        0.6892551299869195,
        0.669104347204055,
        0.7025923295454546,
        0.690565729234794,
        0.6798854950130804,
        0.6926555346631785,
        0.7175428691137999,
        0.6922870084614127,
        0.6941820123446696,
        0.6624823720569,
        0.6994244093361676,
        0.6813238329790713,
        0.6906066056245912,
        0.6909578870994115,
        0.6933708714846306,
        0.6933900322923479,
        0.6821273095160235
    ],
    "evaluated_auc": 0.702322800850229,
    "best_model": "55epoch.pth"
}