{
    "auc_list": [
        0.5588402857259647,
        0.5491794064748202,
        0.5533858424623938,
        0.5606235182308699,
        0.5732837025833879,
        0.5901630967952911,
        0.5742213047743623,
        0.5825153797416611,
        0.5867805755395683,
        0.6009927853172008,
        0.6009749018966646,
        0.5930231666939176,
        0.6100750081752779,
        0.6042539547907129,
        0.6073950498691956,
        0.5955485611510791,
        0.608924082325049,
        0.6334167041366907,
        0.639267776120013,
        0.6324018200212557,
        0.6375554386036626,
        0.6466497966399607,
        0.6359306021092216,
        0.6420978274198823,
        0.6440573393557881,
        0.6257881478907783,
        0.6326553813767168,
        0.6479303772890779,
        0.5808445573086986,
        0.6056910153695225,
        0.6357747608731197,
        0.650685701438849,
        0.6623060926258993,
        0.6393016268803139,
        0.6504161727436233,
        0.6468318243132766,
        0.6163929651733159,
        0.6457013366579464,
        0.6385300850228908,
        0.6367072535153695,
        0.6050491283109876,
        0.5657650016350555,
        0.58989867764879,
        0.6771378351863965,
        0.6033521194408109,
        0.6446998651079138,
        0.625606758911053,
        0.6367302464846305,
        0.6292332611183781,
        0.6541921292511444,
        0.6619944101536952,
        0.6341575887017659,
        0.6295526079136691,
        0.6126962066710269,
        0.6749918247220406,
        0.650289711412688,
        0.6732877902223675,
        0.6285664650098103,
        0.6906538689502942,
        0.6638964396664486,
        0.6943442405166776,
        0.6390729745748855,
        0.7039604112164815,
        0.6357287749345979,
        0.607554723266841,
        0.7099206998037932,
        0.6799723573413996,
        0.6563662422334858,
        0.6613161175604971,
        0.6942688746729888,
        0.6814055857586658,
        0.6864819224166121,
        0.6682159244195552,
        0.6652657987246566,
        0.6781750735775016,
        0.6975044964028776,
        0.692417940647482,
        0.6801792940647482,
        0.6992506846795291,
        0.70537447882603
    ],
    "evaluated_auc": 0.692417940647482,
    "best_model": "77epoch.pth"
}